ID,Zloss,Zgain,Zlessivage,I/E Ratio,Criteria,Soil Order,Suborder,Great Group,Subgroup,Deposit Material ,Drainage Class,Depth to Gleying ,Distance to RSF,E_Sand,E_Silt,E_Clay,I_Sand,I_Silt,I_Clay,E_Porosity,I_Porosity,E_pHw,I_pHw,E_OC,I_OC,E_EA,I_EA,E_TEB,I_TEB,E_CEC,I_CEC,E_BS,I_BS,E_MONOVALENT,E_DIVALENT,I_MONOVALENT,I_DIVALENT,E_SM,E_MI,E_HV,E_KA,E_GI,E_QZ,I_SM,I_MI,I_HV,I_KA,I_GI,I_QZ,E_DOMMIN,I_DOMMIN
S46_006,76,127,76,2.025228253,one,ults,ud,Kanhapl,Typic,Decomposition Residuum,WD,250,9571.86,79.76,10.48,9.77,71.77,8.45,19.78,0.41,0.39,5.59,5.4,0.4,0.1,9.77,3.63,0.59,0.54,4.53,4.16,0.11,0.13,0.09,0.5,0.04,0.5,5,0,31,12,47,7,0,0,19,11,65,5,GI,GI
S57_034,74,129,74,2.274876249,one,ults,ud,Kandi,Typic,Decomposition Residuum,WD,250,19773.21,78.87,9.85,11.22,68.75,5.73,25.52,0.39,0.36,5.13,4.85,0.37,0.06,11.22,4.55,1,0.78,4.75,5.33,0.18,0.14,0.07,0.93,0,0.78,0,0,41,14,33,12,0,0,29,18,48,5,HV,GI
S57_039,66,137,66,2.561049241,one,ults,ud,Kandi,Arenic,Decomposition Residuum,WD,150,240.23,79.07,13.39,7.54,70.99,9.7,19.31,0.43,0.35,5.54,5.52,0.62,0.1,7.54,3.86,0.31,0.31,4.63,4.17,0.07,0.07,0.04,0.27,0.04,0.27,0,0,46,11,27,16,0,0,34,18,44,4,HV,GI
S66_004,112,91,112,2.72442738,one,ults,ud,Pale,Grossarenic,Decomposition Residuum,WD,183,16268.01,84.46,10.35,5.19,81.55,4.32,14.13,0.38,0.36,5.25,5.11,0.37,0.09,5.19,2.14,0.38,0.38,2.67,2.52,0.13,0.16,0.02,0.36,0.03,0.35,0,0,50,12,17,21,0,0,37,11,43,9,HV,MIXED
S46_007,13,190,13,2.140463546,one,ults,ud,Kandi,Typic,Decomposition Residuum,WD,250,12666.83,74.5,14.6,10.9,64.87,11.8,23.33,0.43,0.37,5.3,5.16,1.14,0.11,10.9,4.37,1.42,0.65,9.21,5.01,0.15,0.13,0.24,1.18,0.04,0.6,0,0,38,15,42,5,0,0,28,16,55,2,MIXED,GI
S46_009,122,81,122,4.705350938,one,ults,ud,Kandi,Grossarenic,Decomposition Residuum,WD,250,7694.85,86.33,8.95,4.72,70.6,7.2,22.2,0.38,0.37,5.84,5.5,0.18,0.12,4.72,3.42,0.72,0.73,2.65,4.15,0.29,0.18,0.09,0.63,0.11,0.62,0,0,38,14,39,9,0,0,24,16,56,4,MIXED,GI
S46_008,25,178,25,1.517992261,two,ults,ud,Pale,Plinthic,Decomposition Residuum,WD,109,9423.85,57.72,25.5,16.78,55.33,19.19,25.47,0.43,0.38,4.82,5.28,1.68,0.12,16.78,4.61,0.42,0.28,14.55,4.88,0.03,0.06,0.11,0.31,0.05,0.22,0,0,40,14,40,6,0,0,21,20,57,3,MIXED,GI
S01_079,112,104,112,13.0792193,one,ods,aqu,Al,Ultic,Decomposition Residuum,PD,30,6274.11,95.83,3.33,0.84,85.82,3.23,10.95,0.41,0.37,5.84,4.87,0.28,0.21,0.84,7.29,0.13,0.14,3.92,7.42,0.06,0.02,0.02,0.11,0.06,0.08,0,0,0,5,0,95,0,0,14,16,62,8,QZ,GI
S03_001,130,10,130,5.799256512,one,ods,orth,Al,Aquic,Marine Deposits,SPD,86,1223.23,93.5,5.25,1.24,87.3,5.5,7.2,0.42,0.4,5.54,4.9,0.25,0.63,1.24,7.86,0.09,0.04,1.63,7.9,0.07,0.01,0.03,0.06,0.02,0.02,0,0,72,0,0,28,0,0,61,23,0,16,HV,HV
S03_017,152,51,152,5.410992277,one,ults,ud,Pale,Grossarenic,Marine Deposits,MWD,160,1011.12,89.95,6.58,3.47,76.26,4.95,18.8,0.42,0.38,5.54,6.56,0.28,0.26,3.47,5.87,0.23,0.44,1.99,6.3,0.14,0.07,0.03,0.2,0.04,0.4,0,0,60,24,0,16,9,0,48,35,0,8,HV,HV
S07_024,137,66,137,4.251724139,one,ults,ud,Pale,Psammentic,Decomposition Residuum,MWD,110,12778.34,89.74,7.93,2.33,81.6,8.5,9.9,0.38,0.31,6.18,5.9,0.21,0.04,2.33,4.63,0.29,0.46,3.02,5.09,0.09,0.09,0.01,0.28,0.02,0.44,0,0,47,26,1,26,0,0,50,36,2,12,HV,HV
S09_001,66,74,66,3.341405125,one,ents,psamm,Quartzi,Aquic,Decomposition Residuum,SPD,38,2045.8,95.09,2.58,2.33,90.22,1.99,7.79,0.41,0.41,5.28,4.59,0.35,0.09,2.33,2.33,1.12,1.03,3.44,3.36,0.33,0.3,0.05,1.08,0.04,0.99,0,0,59,16,0,25,0,0,40,32,0,29,HV,MIXED
S12_008,132,71,132,4.831537004,one,ults,ud,Pale,Grossarenic,Decomposition Residuum,WD,250,11426.66,88.91,6.37,4.72,69.32,7.85,22.83,0.42,0.37,5.7,5.19,0.26,0.12,4.73,9.2,1.11,3.23,4.81,12.44,0.23,0.26,0.11,1,0.15,3.08,0,0,52,31,0,17,0,0,55,43,0,3,HV,HV
S18_015,152,21,152,17.62689076,one,alfs,ud,Hapl,Typic,Marine Deposits,WD,250,516.81,96.92,1.91,1.17,76.3,3,20.7,0.42,0.39,5.17,6.2,0.15,0.62,1.17,4.54,0.29,10.55,1.49,15.28,0.19,0.69,0.03,0.26,0.23,10.32,0,0,61,27,0,13,0,0,58,34,0,8,HV,HV
S27_015,140,25,140,3.842927951,one,ods,aqu,Al,Alfic,Paludal Deposits,PD,25,821.81,96.73,1.39,1.87,92.1,0.7,7.2,0.44,0.39,6.4,7.2,0.62,0.4,1.87,1.2,2.28,12.5,3.99,13.7,0.6,0.91,0.05,2.23,0.1,12.4,0,0,27,13,0,11,33,0,48,15,0,4,HV,HV
S27_029,155,48,155,12.8424723,one,ults,ud,Pale,Aquic,Marine Deposits,SPD,76,7049.63,95.44,2.74,1.83,74.07,2.49,23.44,0.45,0.35,5.89,5.24,0.31,0.08,1.83,7.22,0.32,0.97,2.51,8.19,0.1,0.12,0.01,0.31,0.06,0.91,0,0,54,17,7,22,0,0,50,30,0,20,HV,HV
S32_012,89,101,89,1.855336138,one,ults,ud,Kanhapl,Arenic,Solution Residuum,WD,250,22546.2,86.38,6.44,7.18,82.33,4.35,13.32,0.38,0.37,5.44,5.05,0.22,0.1,7.18,3.41,0.43,0.4,2.9,3.81,0.16,0.11,0,0.43,0,0.4,0,0,49,28,12,13,0,0,44,38,14,4,HV,MIXED
S32_018,99,91,99,5.704063837,one,ults,ud,Pale,Grossarenic,Decomposition Residuum,ED,99,4321.87,90.29,4.68,5.04,65.59,5.69,28.72,0.39,0.35,5.38,4.99,0.12,0.13,5.04,5.8,0.49,0.2,2.43,6,0.14,0.04,0,0.49,0,0.2,0,0,43,14,33,11,0,0,39,16,39,7,HV,MIXED
S32_041,160,43,160,6.641372126,one,ults,ud,Pale,Grossarenic,Solution Residuum,WD,170,32797.94,89.68,7.81,2.43,75.88,8.01,16.13,0.44,0.37,5.6,5.32,0.1,0.06,2.43,3.1,0.14,0.4,1.19,3.5,0.13,0.14,0.02,0.12,0.03,0.37,0,0,48,21,0,32,0,0,47,40,0,13,HV,MIXED
S36_019,68,11,68,6.181818172,one,alfs,ud,Hapl,Psammentic,Solution Residuum,MWD,0,61762.8,97.98,1.21,0.81,92.6,2.4,5,0.48,0.45,5.52,6.2,0.19,0.19,0.81,0.94,0.35,1.33,1.29,2.27,0.2,0.59,0.06,0.29,0.06,1.27,0,0,52,17,0,31,0,0,56,0,0,44,HV,HV
S38_017,23,23,23,10.35851851,one,alfs,aqu,Endo,Aeric,Decomposition Residuum,PD,10,3295.82,92.22,4.84,2.93,61,8.6,30.4,0.42,0.4,6.14,6.6,1.83,0.45,2.94,4.65,8.96,19.74,11.71,24.39,0.74,0.81,0.1,8.86,0.2,19.54,17,0,40,19,0,24,22,0,32,25,0,21,HV,HV
S51_032,81,10,81,8.14889336,one,ods,orth,Al,Aquic,Marine Deposits,MWD,60,7760.89,98.06,1.32,0.61,92.6,2.4,5,0.43,0.45,5.06,4.7,0.25,1.4,0.61,15.4,0.18,0.23,13.25,15.63,0.07,0.02,0.01,0.17,0.03,0.2,0,0,77,0,0,23,0,0,52,0,0,48,HV,MIXED
S55_034,68,135,68,5.922277506,one,alfs,aqu,Endo,Arenic,Marine Deposits,PD,0,976.15,95.39,3.47,1.18,90.6,2.21,7.19,0.45,0.42,6.19,5.18,0.52,0.12,1.18,2.97,3.45,2.55,6.98,5.52,0.44,0.5,0.24,3.22,0.29,2.26,0,0,71,0,0,29,15,0,54,10,0,22,HV,HV
S57_029,25,178,25,2.426036249,one,ults,ud,Kandi,Plinthic,Decomposition Residuum,WD,135,28846.63,63.86,27.2,8.94,60.38,17.93,21.69,0.44,0.38,5,5.13,1.4,0.17,8.94,7.75,0.5,0.38,9.06,8.13,0.05,0.05,0.06,0.44,0.03,0.35,0,0,55,19,0,26,0,0,49,33,0,18,HV,HV
S62_004,71,20,71,9.974394464,one,alfs,aqu,Endo,Arenic,Decomposition Residuum,PD,15,7799.57,95.45,2.49,2.04,75.4,4.3,20.3,0.4,0.36,5.4,5.9,0.26,0.38,2.04,5.75,0.29,7.18,4.24,12.93,0.06,0.56,0.02,0.26,0.13,7.05,22,0,41,16,0,21,18,0,38,32,0,12,HV,MIXED
S63_004,162,41,162,5.241094476,one,ults,ud,Pale,Grossarenic,Decomposition Residuum,WD,250,11255.53,92.49,3.92,3.59,76.4,4.8,18.8,0.4,0.37,4.84,5,0.2,0.07,3.59,7.83,0.63,3.57,3.82,11.4,0.19,0.31,0.07,0.56,0.1,3.47,0,0,48,27,0,25,0,0,50,38,0,12,HV,HV
S64_017,114,11,114,24.7206005,one,alfs,ud,Hapl,Arenic,Marine Deposits,WD,0,703.47,97.97,0.98,1.05,73,1,26,0.45,0.4,6.44,7.3,0.15,0.36,1.05,5.2,0.42,9.6,1.19,14.8,0.36,0.65,0,0.16,0.2,9.4,5,0,48,23,0,24,30,0,53,13,0,4,HV,HV
S65_013,147,56,147,18.55324074,one,alfs,ud,Pale,Grossarenic,Decomposition Residuum,SPD,56,11585.37,96,3.12,0.88,79.69,3.95,16.36,0.42,0.36,5.28,5.2,0.28,0.11,0.88,4.17,0.17,5.25,1.27,9.42,0.18,0.51,0.07,0.1,0.24,5.01,8,0,45,12,0,35,11,0,38,23,0,28,HV,HV
S65_014,147,56,147,14.26359831,one,alfs,ud,Pale,Grossarenic,Decomposition Residuum,MWD,147,12635.22,95.55,3.48,0.98,80.77,5.31,13.91,0.45,0.34,5.25,5.24,0.21,0.12,0.98,3.7,0.24,3.22,1.11,6.93,0.28,0.47,0.08,0.16,0.21,3.01,11,0,45,18,0,26,21,0,33,23,0,23,HV,HV
S66_003,81,112,36,2.997162312,one,ults,ud,Kanhapl,Typic,Decomposition Residuum,WD,250,16892.89,79.21,14.29,6.5,69.08,10.59,20.33,0.38,0.39,5.21,4.81,0.46,0.12,7.49,4.7,0.61,0.65,4.2,5.35,0.16,0.12,0.07,0.54,0.04,0.61,0,0,67,17,0,16,0,0,55,25,17,3,HV,HV
S66_007,15,188,15,2.232332827,one,ults,ud,Pale,Plinthic,Decomposition Residuum,WD,122,12958.53,64,27.6,8.4,58.12,23.13,18.75,0.41,0.39,5,4.82,1.96,0.12,8.4,4.59,1.22,0.31,10.99,4.91,0.11,0.06,0.14,1.08,0.02,0.3,0,0,66,22,0,12,0,0,43,29,14,14,HV,HV
S66_009,25,178,25,2.488988766,one,ults,ud,Kandi,Typic,Decomposition Residuum,WD,250,7158,73.3,16.7,10,64.32,10.72,24.89,0.44,0.41,5.4,5.12,1.73,0.15,10,5.52,1.32,0.55,10.29,6.07,0.13,0.09,0.12,1.2,0.04,0.51,0,0,70,21,0,9,0,0,50,31,11,8,HV,HV
S08_007,94,30,94,3.993930198,one,ods,aqu,Al,Aeric,Solution Residuum,PD,22,3792.39,96.75,1.85,1.4,92.9,1.5,5.6,0.43,0.39,5.39,5.4,0.44,0.19,1.4,3.95,0.26,0.2,3.89,4.15,0.08,0.05,0.03,0.23,0.05,0.15,0,0,17,0,0,84,0,0,33,16,27,24,QZ,MIXED
S10_009,48,26,48,6.510121459,one,ods,orth,Al,Aquic,Marine Deposits,SPD,38,8302.18,94.92,4.53,0.55,74.2,6.31,19.49,0.48,0.5,3.87,3.6,0.79,1.64,0.55,14.11,0.46,0.18,3.03,14.29,0.25,0.01,0.11,0.35,0.06,0.11,0,0,0,0,0,100,14,0,36,18,0,32,QZ,MIXED
S22_001,81,38,81,24.94656081,one,alfs,aqu,Gloss,Arenic,Solution Residuum,PD,10,24756.35,99.02,0.5,0.48,85.44,2.52,12.04,0.38,0.34,5.56,4.11,0.14,0.32,0.48,5.43,0.23,6.15,0.66,11.58,0.32,0.56,0.02,0.21,0.14,6.01,21,0,18,12,0,50,31,0,43,17,0,9,QZ,HV
S34_007,71,15,71,8.64021163,one,ods,aqu,Al,Ultic,Solution Residuum,PD,24,22906.87,96.47,3.02,0.53,79.9,3.48,16.62,0.45,0.42,4.94,4.7,0.77,1.41,0.53,11.25,0.15,0.08,2.54,11.32,0.07,0.01,0.02,0.13,0.02,0.06,0,0,0,20,0,80,0,0,36,30,0,34,QZ,MIXED
S36_009,64,12,64,15.36842105,one,alfs,aqu,Endo,Arenic,Solution Residuum,PD,8,54009.28,98.13,0.92,0.95,83.4,2,14.6,0.43,0.35,6.19,7.8,0.33,0.34,0.95,1.81,0.46,13.67,1.77,15.48,0.25,0.88,0.05,0.41,0.1,13.57,0,0,13,9,3,76,0,0,31,19,25,25,QZ,MIXED
S50_013,81,15,81,12.03968873,one,ods,aqu,Al,Alfic,Marine Deposits,PD,0,33503.21,96.56,1.85,1.59,78.9,2,19.1,0.43,0.45,4.42,6.3,0.99,2.1,1.59,7.4,2.25,18.5,6.23,25.9,0.25,0.71,0.06,2.15,0.2,18.3,5,0,6,4,0,85,0,0,62,31,0,8,QZ,HV
S62_001,58,11,58,8.385542169,one,alfs,ud,Hapl,Arenic,Decomposition Residuum,SPD,69,9399.91,96.9,1.38,1.72,79,6.6,14.4,0.44,0.36,5.4,6.8,0.39,0.35,1.72,2.07,0.82,8.2,2.88,10.27,0.23,0.8,0.02,0.8,0.05,8.15,0,0,36,22,0,42,0,0,44,36,0,20,MIXED,MIXED
S63_008,79,124,79,4.761839202,one,ults,ud,Pale,Aquic,Decomposition Residuum,SPD,58,11087.55,89.42,6.1,4.48,70.26,8.42,21.33,0.39,0.44,5.27,5.03,0.32,0.08,4.48,16.47,0.51,2.22,3.95,18.69,0.13,0.13,0.04,0.47,0.15,2.07,0,0,38,29,0,33,0,0,38,28,0,32,MIXED,HV
S18_018,81,36,81,12.71434426,one,ods,orth,Al,Aquic,Marine Deposits,SPD,71,75.68,97.49,1.75,0.75,87.35,3.08,9.57,0.44,0.45,4.18,4.6,0.41,1.13,0.75,12.31,0.25,4.23,2.83,16.54,0.1,0.22,0.04,0.21,0.44,3.79,36,0,14,14,0,36,17,0,39,28,0,16,MIXED,HV
S45_013,89,7,89,7.203237409,one,ods,orth,Al,Aquic,Marine Deposits,MWD,70,340.85,98.28,1.09,0.62,93.1,2.4,4.5,0.49,0.49,4.52,4.1,0.75,1.92,0.62,20.99,0.39,0.29,3.7,21.28,0.08,0.01,0.12,0.27,0.19,0.1,33,0,25,10,0,32,17,0,53,10,0,20,MIXED,HV
S12_009,96,107,96,24.31112448,one,ods,orth,Al,Aquic,Decomposition Residuum,SPD,61,11116.64,95.79,3.79,0.42,82.94,5.48,11.58,0.44,0.38,5.28,4.93,0.22,0.52,0.42,11.49,0.12,1.32,0.98,12.81,0.13,0.09,0.02,0.1,0.09,1.23,51,0,19,0,0,30,12,0,39,25,0,24,SM,HV
S03_020,142,61,142,6.105400516,one,ults,ud,Kandi,Grossarenic,Marine Deposits,WD,250,410.03,94.49,3.41,2.11,85.48,1.67,12.86,0.38,0.37,5.5,5.52,0.17,0.22,2.11,3.25,0.09,0.24,2.04,3.49,0.04,0.07,0.02,0.07,0.02,0.22,9,0,58,13,0,21,11,0,35,10,36,8,HV,MIXED
S07_005,86,117,86,3.46717516,one,ults,ud,Pale,Arenic,Decomposition Residuum,SPD,53,11036.27,85.37,10.36,4.27,76.99,8.21,14.8,0.38,0.33,5.18,4.58,0.2,0.04,4.27,4.16,1.2,0.61,5.25,4.77,0.28,0.13,0.11,1.09,0.04,0.57,0,0,41,30,16,13,0,0,35,27,30,8,HV,MIXED
S57_035,20,196,20,1.492745536,two,ults,ud,Kandi,Rhodic,Decomposition Residuum,WD,250,24548.6,64.3,16.5,19.2,59.96,11.38,28.66,0.44,0.37,4.7,4.89,1.46,0.16,19.2,4.52,2.3,1.85,14.2,6.37,0.16,0.27,0.4,1.9,0.09,1.76,0,0,34,14,34,18,0,3,35,16,34,12,MIXED,MIXED
S07_017,66,137,66,3.571168388,one,ults,ud,Pale,Arenic,Decomposition Residuum,MWD,86,9484.63,83.71,10.86,5.43,70.55,10.04,19.41,0.37,0.36,5.5,4.83,0.23,0.09,5.44,3.9,1.13,1.3,3.21,5.19,0.33,0.26,0.1,1.02,0.1,1.19,0,0,47,25,1,27,0,0,46,43,2,10,HV,MIXED
S07_022,56,119,56,2.788707872,one,ults,aqu,Pale,Plinthic,Marine Deposits,PD,0,15663.41,77.29,13.42,9.29,60.22,13.87,25.91,0.37,0.34,4.55,4.84,1.02,0.13,9.29,6.6,0.11,0.19,7.56,6.79,0.01,0.03,0.05,0.06,0.03,0.15,0,0,53,40,0,7,0,0,46,51,0,3,HV,MIXED
S07_025,127,76,127,4.144338884,one,ults,ud,Pale,Grossarenic,Decomposition Residuum,WD,157,8746.29,90.49,5.97,3.28,77.35,9.05,13.59,0.43,0.33,5.51,6.16,0.16,0.15,3.28,5.17,0.09,0.18,3.16,5.35,0.03,0.03,0,0.09,0.01,0.17,0,0,52,26,2,20,0,0,45,43,5,8,HV,MIXED
S12_013,59,142,61,8.045398497,one,ults,ud,Pale,Arenic,Marine Deposits,WD,119,9699.64,90.79,5.78,3.43,65.38,7.05,27.57,0.42,0.42,5.52,4.58,0.22,0.12,3.43,9.62,0.36,0.67,4.81,10.29,0.08,0.07,0.03,0.33,0.06,0.61,0,0,52,35,0,13,0,0,43,48,0,10,HV,MIXED
S32_038,117,86,117,9.169487398,one,ults,ud,Pale,Aquic,Decomposition Residuum,MWD,66,5013.26,90.85,7,1.96,76.26,5.78,17.96,0.44,0.36,5.79,4.82,0.25,0.05,1.96,5.38,0.18,0.66,2.72,6.05,0.06,0.12,0.03,0.15,0.05,0.61,3,0,54,23,0,21,7,0,38,51,0,4,HV,MIXED
S33_015,142,61,142,11.55925702,one,ults,ud,Pale,Aquic,Decomposition Residuum,SPD,64,2554.81,92.36,6.41,1.23,77.99,7.81,14.2,0.47,0.41,5.68,5.3,0.28,0.07,1.23,5.82,0.16,1.96,2.11,7.78,0.06,0.24,0.03,0.14,0.13,1.82,0,0,62,10,0,29,0,0,37,34,0,29,HV,MIXED
S66_006,130,73,130,4.399545543,one,ults,ud,Kandi,Grossarenic,Decomposition Residuum,WD,250,17410.95,87.27,7.84,4.88,73.07,5.47,21.46,0.42,0.4,5.05,5,0.17,0.15,4.87,3.27,0.11,0.35,1.68,3.62,0.08,0.1,0.02,0.09,0.04,0.31,0,0,47,24,18,11,0,0,38,34,21,7,HV,MIXED
S01_083,66,71,66,3.832318877,one,ults,aqu,Endo,Arenic,Decomposition Residuum,PD,20,11553.11,90.97,5.8,3.14,81.42,6.55,12.03,0.39,0.37,5.29,4.67,0.57,0.1,3.14,8.66,1.01,0.82,6.1,9.48,0.13,0.09,0.15,0.86,0.18,0.63,0,0,20,5,0,75,0,0,32,27,0,42,QZ,MIXED
S16_014,138,91,138,6.785525486,one,ults,ud,Pale,Grossarenic,Marine Deposits,MWD,165,2805.37,92.34,5.13,2.53,78.71,4.12,17.17,0.5,0.38,5.71,5.03,0.25,0.09,2.53,5.42,0.1,0.66,1.71,6.08,0.03,0.11,0.02,0.09,0.07,0.59,0,0,35,12,0,53,0,10,39,38,0,13,QZ,MIXED
S49_016,61,243,61,19.83394627,one,ods,aqu,Al,Alfic,Marine Deposits,PD,25,13245.26,93.95,4.97,1.08,76.75,1.85,21.39,0.47,0.36,5.12,8.06,2.11,0.25,1.08,2.65,1.76,6.51,8.47,9.16,0.3,0.71,0.32,1.44,0.66,5.85,14,0,13,4,0,69,18,0,37,38,0,7,QZ,MIXED
S12_015,74,129,74,2.254043955,one,ults,ud,Pale,Arenic,Decomposition Residuum,WD,250,10142.8,85.55,6.61,7.84,77.03,5.29,17.68,0.45,0.4,5.52,5.54,0.49,0.07,7.84,10.05,1.99,2.11,9.74,12.16,0.2,0.17,0.09,1.9,0.14,1.97,0,0,36,29,0,35,22,0,29,31,0,19,MIXED,MIXED
S18_005,64,139,64,8.498864698,one,alfs,aqu,Gloss,Arenic,Marine Deposits,PD,15,8349.01,93.86,4.25,1.88,81.88,2.13,15.99,0.44,0.4,4.73,5.84,0.91,0.1,1.88,2.45,2.48,8.29,6.44,10.73,0.36,0.78,0.24,2.24,0.34,7.95,0,0,38,28,0,34,0,0,26,29,0,12,MIXED,MIXED
S26_018,76,8,76,5.959183676,one,alfs,aqu,Endo,Arenic,Paludal Deposits,PD,18,57324.83,97.51,0.04,2.45,84.3,1.1,14.6,0.45,0.38,5.67,7.1,1.94,0.37,2.45,6.21,4.18,13.88,14.59,20.09,0.2,0.69,0.13,4.05,0.32,13.56,24,0,27,17,0,32,25,0,30,35,0,10,MIXED,MIXED
S28_023,88,107,96,7.156067742,one,epts,aqu,Hum,Typic,Marine Deposits,VPD,0,1563.39,98.13,1.27,0.6,93.54,2.14,4.33,0.38,0.35,5.85,5.81,0.33,0.31,0.6,1.96,0.08,0.59,1.63,2.55,0.05,0.24,0.02,0.06,0.09,0.5,21,0,33,19,0,27,11,0,28,26,17,20,MIXED,MIXED
S03_015,91,112,91,5.834827186,one,ults,ud,Pale,Arenic,Marine Deposits,MWD,91,20806.65,85.34,10.4,4.26,67.91,7.23,24.86,0.42,0.39,4.86,4.76,0.23,0.02,4.26,4.54,0.16,0.26,1.78,4.8,0.18,0.07,0.04,0.13,0.04,0.22,0,0,60,12,17,11,0,0,30,33,32,5,HV,MIXED
S57_026,15,137,15,2.731822009,one,ults,ud,Kandi,Plinthic,Decomposition Residuum,WD,150,10504.41,74.1,15.5,10.4,61.31,10.27,28.41,0.43,0.4,4.3,4.82,1.43,0.17,10.4,8.45,0.7,0.23,13.2,8.68,0.05,0.03,0,0.7,0,0.23,0,0,60,13,16,11,0,0,31,34,29,6,HV,MIXED
S36_017,94,36,94,13.28073397,one,ods,aqu,Hapl,Alfic,Solution Residuum,PD,20,40988.28,97.97,0.87,1.16,82.6,2,15.4,0.43,0.35,5.26,6.9,0.78,0.7,1.16,2.22,0.49,7.26,1.98,9.48,0.21,0.77,0.02,0.47,0.07,7.19,7,0,9,16,0,70,28,0,31,27,0,14,QZ,MIXED
S27_016,30,120,30,2.972983872,one,ods,aqu,Al,Aeric,Paludal Deposits,PD,30,778.33,96.37,1.57,2.07,92.58,0.88,6.54,0.5,0.44,4.47,5.66,0.75,0.5,2.07,3.92,0.97,1.99,5.03,5.9,0.18,0.32,0.03,0.93,0.06,1.93,0,0,72,0,0,28,31,0,32,12,0,26,HV,MIXED
S55_036,33,170,33,7.436764699,one,ods,aqu,Al,Ultic,Marine Deposits,PD,10,1570.49,94.5,4.3,1.2,88.79,2.29,8.92,0.46,0.43,5,5.14,1.67,0.53,1.2,9.42,4.7,0.27,12.7,9.69,0.37,0.03,0.11,4.59,0.06,0.21,32,0,22,0,0,46,38,0,35,14,0,13,QZ,MIXED
S01_073,18,190,18,8.777192983,one,ults,ud,Pale,Psammentic,Decomposition Residuum,WD,250,1422.5,87.3,11.8,0.9,87.69,4.41,7.9,0.44,0.45,6.1,5.87,1.17,0.12,0.9,4.03,3.59,1.61,8.81,5.64,0.41,0.29,0.2,3.39,0.09,1.52,0,0,70,0,0,30,0,0,24,40,0,37,HV,KA
S01_075,74,10,74,14.0462963,one,alfs,ud,Hapl,Arenic,Decomposition Residuum,WD,250,2723.76,93.83,4.71,1.46,72.9,6.6,20.5,0.45,0.36,6.5,6.7,0.31,0.29,1.46,2.78,1.2,9,2.71,11.78,0.56,0.76,0.04,1.16,0.07,8.93,0,0,82,0,0,18,0,0,44,66,0,0,HV,KA
S01_094,15,201,15,4.462256622,one,ults,ud,Pale,Aquic,Decomposition Residuum,SPD,46,5770.77,86.8,5.1,8.1,58.35,5.5,36.14,0.43,0.39,5.2,4.56,3.05,0.26,8.1,10.84,5.04,3.47,10.89,14.31,0.46,0.24,0.18,4.86,0.1,3.36,0,0,56,44,0,0,7,0,27,55,0,11,HV,KA
S01_095,99,104,99,16.22142817,one,ults,ud,Pale,Arenic,Decomposition Residuum,MWD,99,2226.15,93.43,4.41,2.16,59.44,5.53,35.03,0.41,0.43,5.9,5.35,0.24,0.09,2.16,15.9,0.41,1.41,2.87,17.32,0.13,0.08,0.1,0.31,0.39,1.03,0,0,46,31,0,23,0,0,14,73,0,13,HV,KA
S01_100,76,127,76,7.718430067,one,ults,ud,Pale,Aquic,Marine Deposits,SPD,76,8719.34,90.89,6.72,2.38,75.24,6.36,18.4,0.43,0.37,5.12,4.75,0.24,0.04,2.38,4.66,0.22,0.63,4.25,5.3,0.04,0.12,0.04,0.18,0.09,0.54,0,0,42,22,0,36,6,0,31,57,0,7,HV,KA
S03_012,68,150,68,2.774462691,one,ults,aqu,Pale,Grossarenic,Marine Deposits,PD,23,14558.88,88.34,8.26,3.4,83.33,7.23,9.44,0.46,0.38,4.43,4.57,0.66,0.16,3.4,3.64,0.09,0.14,4.77,3.78,0.02,0.04,0.04,0.06,0.03,0.11,0,0,43,20,0,37,0,0,35,53,5,8,HV,KA
S07_018,81,143,81,4.01806963,one,ults,ud,Kandi,Arenic,Decomposition Residuum,WD,107,11007.08,83.78,11.44,4.79,71.73,9.04,19.23,0.37,0.35,5.35,4.54,0.32,0.03,4.79,3.83,0.93,1.09,3.09,4.92,0.27,0.23,0.08,0.86,0.16,0.93,0,0,52,32,0,16,0,0,32,62,0,6,HV,KA
S09_003,96,107,96,3.133456481,one,ults,ud,Pale,Arenic,Decomposition Residuum,WD,250,1131.75,90.36,4.85,4.79,80.68,4.3,15.01,0.41,0.4,5,5.14,0.32,0.09,4.79,6.64,0.73,1.87,6.45,8.51,0.11,0.22,0.05,0.69,0.07,1.8,0,0,50,32,0,19,0,0,36,50,0,14,HV,KA
S09_025,30,173,30,5.648789051,one,alfs,ud,Pale,Typic,Solution Residuum,WD,250,3722.19,89.7,5.03,5.27,64.99,5.26,29.75,0.45,0.45,4.8,5.02,0.59,0.16,5.27,8.09,2.54,5.33,8.96,13.43,0.28,0.39,0.04,2.49,0.12,5.21,10,0,51,27,0,12,11,0,32,51,0,7,HV,KA
S09_026,132,71,132,10.01059653,one,ults,ud,Pale,Aquic,Marine Deposits,SPD,68,1195.09,94.32,4.31,1.37,80.99,5.32,13.69,0.41,0.37,5.15,4.8,0.38,0.11,1.37,5.17,0.36,0.71,2.35,5.88,0.16,0.14,0.05,0.31,0.1,0.61,8,0,41,27,0,24,11,0,24,59,0,7,HV,KA
S10_008,119,84,119,18.87465753,one,ults,ud,Pale,Aquic,Marine Deposits,SPD,41,8855.99,92.67,6.1,1.23,68.67,8.17,23.16,0.43,0.36,4.03,4.04,0.27,0.13,1.23,4.18,0.09,0.41,1.16,4.59,0.1,0.09,0.04,0.04,0.1,0.31,17,0,47,16,0,20,14,0,27,49,0,11,HV,KA
S12_003,132,71,132,15.29323627,one,ults,ud,Pale,Grossarenic,Marine Deposits,MWD,157,7566.59,95.2,3.59,1.21,75.66,5.82,18.51,0.43,0.32,5.29,4.8,0.35,0.19,1.21,4.36,0.04,0.47,1.35,4.82,0.02,0.1,0,0.04,0.01,0.45,0,0,52,29,0,19,0,0,25,44,11,21,HV,KA
S12_010,81,122,81,8.107057575,one,ults,ud,Pale,Aquic,Marine Deposits,SPD,48,11188.13,91.56,5.3,3.14,68.25,6.33,25.42,0.42,0.36,5.71,4.93,0.48,0.08,3.14,6.29,0.72,0.93,4.65,7.22,0.13,0.12,0.16,0.56,0.08,0.85,0,0,52,31,0,17,0,0,31,65,0,5,HV,KA
S23_007,53,150,53,4.282232032,one,ults,ud,Kandi,Arenic,Marine Deposits,WD,132,21095.59,81.22,13.23,5.56,61.95,14.25,23.79,0.41,0.38,5.37,4.87,0.48,0.13,5.56,5.91,0.9,0.52,4.69,6.43,0.16,0.09,0.07,0.83,0.05,0.46,19,0,40,31,0,10,8,0,33,56,0,4,HV,KA
S23_008,104,99,104,5.508665564,one,ults,ud,Pale,Aquic,Paludal Deposits,SPD,61,16603.04,84.7,10.7,4.59,67.43,7.26,25.31,0.39,0.36,5.97,5.14,0.29,0.07,4.59,6.44,0.95,0.53,3.1,7.03,0.31,0.08,0.08,0.87,0.08,0.45,0,0,49,40,0,11,6,0,39,54,0,3,MIXED,KA
S25_006,140,63,140,11.38130487,one,alfs,ud,Pale,Grossarenic,Marine Deposits,WD,178,17551.3,95.86,2.18,1.96,70.37,7.3,22.33,0.42,0.41,5.44,5.24,0.32,0.14,1.96,3.53,0.89,3.03,1.86,6.55,0.29,0.5,0.05,0.84,0.31,2.72,0,0,56,40,0,5,0,0,42,58,0,0,HV,KA
S25_007,152,51,152,8.705985503,one,ults,ud,Pale,Aquic,Marine Deposits,SPD,74,18680.48,94.65,2.35,3,69.47,4.4,26.13,0.42,0.38,5.3,4.84,0.24,0.18,3,5.01,0.69,1.91,1.76,6.92,0.19,0.27,0.09,0.59,0.21,1.7,0,0,52,33,0,16,0,0,31,38,0,31,HV,MIXED
S27_010,84,132,84,11.11639018,one,ults,ud,Pale,Aquic,Solution Residuum,SPD,94,115.03,93.11,3.62,3.26,61.93,1.81,36.26,0.39,0.4,5.91,4.65,0.28,0.24,3.26,12.55,1.03,2.25,2.93,14.81,0.34,0.15,0.1,0.93,0.14,2.12,0,0,46,26,0,28,17,0,22,43,0,18,HV,KA
S32_013,142,51,142,11.73884227,one,alfs,ud,Pale,Grossarenic,Solution Residuum,PD,23,35748.36,88.75,8.4,2.86,59.7,6.75,33.55,0.39,0.36,5.73,5.14,0.26,0.09,2.86,4.16,0.13,2.24,2.01,6.4,0.11,0.33,0,0.07,0.12,2.12,7,0,42,21,6,26,0,7,26,47,12,8,HV,KA
S32_015,135,50,135,10.21937417,one,ults,ud,Pale,Aquic,Solution Residuum,SPD,48,35931.12,91.8,5.98,2.23,73.69,3.57,22.74,0.4,0.36,5.7,4.86,0.54,0.26,2.22,6.55,0.51,0.58,2.96,7.13,0.17,0.09,0.12,0.39,0.1,0.48,0,23,33,19,14,13,0,0,27,63,0,8,HV,KA
S32_017,56,132,56,3.549974165,one,ults,ud,Kandi,Plinthic,Solution Residuum,MWD,102,9447.46,79.01,12.72,8.27,63.18,7.45,29.37,0.42,0.36,4.9,4.82,0.75,0.05,8.27,5.8,0.52,0.44,5.53,6.24,0.09,0.07,0,0.52,0.02,0.42,0,0,48,30,0,22,0,3,24,66,0,8,HV,KA
S33_002,168,35,168,5.482056265,one,ults,ud,Pale,Grossarenic,Decomposition Residuum,MWD,137,15753.52,93.64,3.9,2.45,83.36,3.19,13.46,0.45,0.36,5.34,5.04,0.24,0.06,2.45,5.73,0.4,0.84,1.9,6.57,0.22,0.13,0.05,0.35,0.09,0.75,23,0,38,22,0,19,5,0,37,49,0,11,HV,KA
S33_023,76,127,76,4.297813188,one,ults,ud,Pale,Arenic,Decomposition Residuum,SPD,61,13478.48,91.29,4.27,4.44,68.08,12.83,19.09,0.42,0.37,5.14,5.14,0.61,0.18,4.44,7.11,0.24,0.27,4.76,7.38,0.04,0.04,0.04,0.2,0.06,0.21,0,0,51,33,0,16,9,0,24,61,0,7,HV,KA
S33_033,86,117,86,6.830595489,one,ults,aqu,Pale,Arenic,Alluvium,PD,20,14393.57,91.4,5.06,3.55,72.22,3.55,24.22,0.44,0.36,4.87,5.2,0.84,0.09,3.55,5.4,0.22,0.22,5.26,5.62,0.03,0.04,0.03,0.19,0.05,0.17,15,0,48,24,0,13,9,0,32,54,0,6,HV,KA
S33_034,155,48,155,5.548760356,one,ults,aqu,Pale,Grossarenic,Decomposition Residuum,PD,15,24178.81,90.43,7.3,2.28,80.38,6.96,12.66,0.41,0.34,4.91,5.44,0.53,0.05,2.28,5.32,0.09,0.2,3.7,5.52,0.06,0.04,0.03,0.06,0.04,0.16,0,0,48,42,0,10,11,0,36,45,0,9,MIXED,MIXED
S37_006,76,188,76,4.220827273,one,ults,ud,Kandi,Arenic,Decomposition Residuum,WD,250,9984.42,89.19,5.09,5.72,73.42,2.44,24.14,0.4,0.38,5.66,5.13,0.27,0.07,5.72,7.22,0.71,0.78,3.73,8,0.17,0.1,0.03,0.67,0.05,0.72,0,0,54,30,0,17,0,0,25,66,0,9,HV,KA
S38_025,28,10,28,3.449275362,one,alfs,ud,Hapl,Typic,Decomposition Residuum,WD,250,7407.23,92.81,3.17,3.94,80.8,5.6,13.6,0.41,0.42,5.83,6,0.41,0.37,3.94,2.36,2.57,4.65,3.66,7.01,0.7,0.66,0.05,2.52,0.08,4.57,0,0,48,42,0,10,0,0,41,48,0,10,MIXED,MIXED
S38_026,145,58,145,25.98606646,one,alfs,ud,Pale,Grossarenic,Decomposition Residuum,SPD,107,6237.85,95.25,3.46,1.29,61.14,5.42,33.44,0.4,0.36,5.15,4.71,0.23,0.26,1.29,7.28,0.41,7.12,1.55,14.4,0.28,0.51,0.02,0.39,0.19,6.92,0,0,42,34,0,24,0,0,26,57,0,17,MIXED,KA
S40_009,112,91,112,2.979771573,one,ults,ud,Pale,Grossarenic,Solution Residuum,MWD,157,6917.49,89.86,6.14,3.99,82.91,5.19,11.9,0.4,0.36,4.78,4.43,0.26,0.03,3.99,5.76,0.92,1.16,4.7,6.92,0.17,0.16,0.12,0.79,0.13,1.03,0,0,42,33,0,25,24,0,26,41,0,10,MIXED,KA
S45_023,86,117,86,9.69228888,one,ults,ud,Pale,Aquic,Alluvium,SPD,51,12592.2,92.57,5.32,2.11,75.92,3.61,20.48,0.43,0.37,5,4.67,0.29,0.11,2.11,8.21,0.17,0.62,2.6,8.82,0.06,0.07,0.04,0.13,0.09,0.53,13,0,40,31,0,16,0,0,15,72,0,14,MIXED,KA
S46_015,33,170,33,3.693838156,one,ults,ud,Pale,Aquic,Decomposition Residuum,MWD,91,26169.72,50.67,42.51,6.82,44.59,30.2,25.21,0.48,0.38,4.76,4.94,1.28,0.17,6.82,7.66,0.43,0.83,8.47,8.5,0.05,0.1,0.09,0.33,0.13,0.7,8,0,43,30,0,19,7,0,25,52,0,16,HV,KA
S46_017,13,190,13,1.94732528,one,ults,ud,Pale,Plinthic,Decomposition Residuum,MWD,147,20997.59,57,30.8,12.2,49.29,26.95,23.76,0.51,0.39,4.3,4.83,2.63,0.14,12.2,5.12,0.73,0.3,16.03,5.42,0.05,0.06,0.11,0.62,0.05,0.25,8,0,48,27,9,8,3,0,31,49,10,7,HV,KA
S46_018,76,127,76,2.225105048,one,ults,ud,Pale,Arenic,Decomposition Residuum,SPD,76,27625.15,80.28,10.92,8.78,72.95,7.51,19.54,0.44,0.41,4.23,4.31,0.85,0.06,8.78,7.06,0.09,0.98,7.32,8.05,0.01,0.11,0.04,0.05,0.12,0.87,0,0,54,32,0,14,0,0,25,55,0,21,HV,KA
S46_019,33,119,33,3.870052859,one,ults,ud,Pale,Plinthaquic,Decomposition Residuum,MWD,76,25187.32,87.89,7.6,4.51,76.17,6.38,17.45,0.46,0.39,3.96,4.47,1.43,0.08,4.51,5.9,0.09,0.29,8.14,6.19,0.01,0.04,0.04,0.04,0.07,0.22,0,0,52,32,0,16,0,0,31,55,0,14,HV,KA
S46_020,112,91,112,4.021360545,one,ults,ud,Pale,Grossarenic,Decomposition Residuum,WD,112,9225.45,85.79,9.28,4.93,73.87,6.32,19.81,0.37,0.32,5.14,5.14,0.18,0.1,4.93,3.28,0.64,0.7,2.74,3.98,0.22,0.18,0.05,0.59,0.06,0.64,0,0,45,33,6,16,0,0,28,56,9,8,HV,KA
S46_022,30,173,30,5.046440392,one,ults,ud,Kandi,Plinthic,Decomposition Residuum,WD,160,12218.15,80.76,14.56,4.68,63.74,12.64,23.62,0.37,0.36,5.23,5.33,0.48,0.4,4.68,4.14,0.29,0.37,3.76,4.51,0.08,0.08,0.03,0.26,0.04,0.33,0,0,43,25,5,27,0,0,25,51,8,16,HV,KA
S51_018,66,178,66,9.006855001,one,ults,ud,Pale,Aquic,Decomposition Residuum,SPD,79,5306.02,89.83,6.12,4.05,56.49,7.01,36.51,0.43,0.4,6.05,5.5,0.03,0.02,4.05,10.2,1.26,4.7,4.21,14.9,0.29,0.3,0.18,1.09,0.22,4.48,0,0,38,30,0,32,9,0,13,63,0,15,MIXED,KA
S53_007,206,48,206,1.817917784,one,epts,ud,Dystr,Humic,Marine Deposits,WD,206,16895.17,89.81,5.83,4.35,88.5,3.6,7.9,0.45,0.38,4.79,4.9,0.57,0.06,4.35,1.84,0.46,0.84,8.22,2.68,0.05,0.31,0.1,0.35,0.12,0.72,0,0,46,26,0,28,0,0,18,82,0,0,HV,KA
S53_020,160,43,160,14.6726831,one,ults,ud,Pale,Aquic,Marine Deposits,MWD,96,3448.28,96.31,2.43,1.26,77.51,4.06,18.43,0.41,0.39,5.24,4.36,0.19,0.08,1.26,11.28,0.42,0.92,5.28,12.2,0.06,0.08,0.04,0.38,0.15,0.77,15,0,37,25,0,23,11,0,17,61,0,11,HV,KA
S55_021,173,30,173,14.01340325,one,ults,ud,Pale,Aquic,Marine Deposits,SPD,51,6801.87,95.18,3.83,0.99,79.1,7,13.9,0.45,0.38,2.62,5.2,0.24,0.16,0.99,5.43,0.5,0.8,2.43,6.23,0.38,0.13,0.09,0.41,0.1,0.7,0,0,46,20,18,16,0,0,28,42,19,11,HV,KA
S57_028,10,193,10,2.439566651,one,ults,ud,Pale,Aquic,Decomposition Residuum,SPD,43,30681.04,52.5,36.5,11,44.6,28.57,26.84,0.52,0.38,4.5,4.86,3.28,0.27,11,9.73,0.2,0.57,19.4,10.3,0.01,0.05,0,0.2,0.03,0.54,0,0,57,28,0,15,10,0,30,50,0,10,HV,KA
S57_042,69,68,79,2.278744226,one,ults,aqu,Endo,Arenic,Alluvium,MWD,10,12370.93,86.33,8.33,5.33,83.96,3.89,12.15,0.4,0.39,5.23,5.05,0.19,0.04,5.33,3.04,0.1,0.19,2.35,3.23,0.04,0.06,0.03,0.07,0.04,0.15,0,0,46,21,0,33,0,0,32,58,0,10,HV,KA
S63_003,107,96,107,10.64991194,one,ults,ud,Pale,Grossarenic,Alluvium,MWD,155,13226.49,91.96,5.51,2.52,68.85,4.3,26.84,0.4,0.38,5.14,4.38,0.38,0.08,2.52,6.18,0.75,1.47,3.93,7.64,0.14,0.19,0.08,0.67,0.1,1.37,0,0,45,36,0,19,0,0,10,85,0,5,MIXED,KA
S63_005,142,61,142,15.44175759,one,ults,ud,Pale,Grossarenic,Decomposition Residuum,PD,23,15300.95,94.81,3.75,1.44,74.2,3.55,22.25,0.37,0.33,5.62,4.56,0.21,0.06,1.44,5.84,0.5,0.62,1.91,6.47,0.24,0.11,0.05,0.45,0.17,0.45,0,0,44,24,0,32,0,0,22,70,0,8,HV,KA
S66_010,23,180,23,2.743141554,one,ults,ud,Kandi,Plinthic,Decomposition Residuum,WD,145,12794.71,68.56,22.52,8.92,59.3,16.24,24.46,0.43,0.38,4.96,4.87,1.33,0.13,8.92,6.15,0.36,0.25,9.22,6.39,0.04,0.04,0.06,0.31,0.03,0.22,0,0,47,25,17,11,0,0,30,50,16,4,HV,KA
S66_020,145,58,145,1.695345244,one,ents,psamm,Quartzi,Aquic,Decomposition Residuum,SPD,71,15243.1,88.01,8.86,3.13,91.4,3.3,5.3,0.38,0.34,4.95,4.9,0.34,0.05,3.12,1.44,0.21,0.15,3.4,1.59,0.09,0.09,0.08,0.13,0.05,0.1,14,0,41,19,0,26,27,0,27,36,0,10,HV,MIXED
S66_030,152,51,152,3.862295083,one,ults,ud,Pale,Aquic,Decomposition Residuum,SPD,56,15237.34,90.17,6.62,3.21,84.4,3.2,12.4,0.41,0.35,4.26,3.8,0.33,0.21,3.21,5.09,0.16,0.27,3,5.36,0.05,0.05,0.05,0.1,0.04,0.23,0,0,53,13,10,24,0,6,30,58,0,6,HV,KA
S66_036,36,167,36,7.627495506,one,ults,ud,Kandi,Typic,Decomposition Residuum,WD,152,6125.84,89.53,7.64,2.83,71.04,7.39,21.57,0.44,0.44,4.23,4.17,0.48,0.09,2.83,9.94,0.2,1.48,3.22,11.42,0.06,0.13,0.04,0.16,0.2,1.28,0,0,45,34,0,21,0,25,14,37,0,24,HV,KA
S66_039,74,91,74,4.186772512,one,ults,ud,Hapl,Arenic,Alluvium,WD,165,10055.52,74.34,20.53,5.11,60.54,19.13,20.46,0.5,0.39,4.84,4.76,0.78,0.14,5.11,7.8,0.22,0.63,4.39,8.43,0.07,0.07,0.05,0.16,0.09,0.54,0,0,54,31,0,15,0,2,32,58,0,8,HV,KA
S07_010,86,117,86,5.023058923,one,ults,ud,Kandi,Arenic,Marine Deposits,WD,250,26124.11,86.42,8.8,4.8,68.32,7.55,24.13,0.46,0.38,5.63,5.27,0.41,0.11,4.8,3.25,1.79,1.09,4.11,4.22,0.31,0.27,0.07,1.72,0.05,1.05,0,0,34,27,33,7,0,21,34,41,4,0,MIXED,MIXED
S04_002,20,183,20,117.931694,one,ults,ud,Pale,Aquic,Marine Deposits,SPD,64,14262.28,89.9,9.9,0.2,67.45,8.96,23.59,0.43,0.37,6,4.2,0.81,0.14,0.2,5.35,2.56,1.91,6.19,7.26,0.41,0.26,0.58,1.98,1.04,0.88,0,0,40,41,0,19,0,0,16,76,0,8,MIXED,KA
S07_001,25,178,25,4.550561797,one,ults,ud,Kandi,Plinthic,Paludal Deposits,WD,150,24521.55,84.5,10.9,4.6,68.88,10.19,20.93,0.44,0.35,6.1,4.8,0.73,0.09,4.6,3.58,3.77,1.97,7.27,5.55,0.52,0.35,0.18,3.59,0.14,1.83,0,0,42,43,0,15,0,0,20,75,0,6,MIXED,KA
S07_013,117,86,117,7.188765603,one,ults,ud,Kandi,Grossarenic,Marine Deposits,WD,250,10264.58,88.44,8.48,3.08,71,6.85,22.15,0.42,0.39,5.31,4.8,0.29,0.11,3.08,4.02,0.56,0.79,1.9,4.81,0.26,0.17,0.03,0.53,0.12,0.67,0,0,47,43,0,10,0,0,38,57,0,5,MIXED,KA
S07_016,74,129,74,3.087493192,one,ults,ud,Pale,Arenic,Decomposition Residuum,SPD,43,12241.71,82.58,12.32,5.1,73.72,10.53,15.75,0.39,0.34,4.72,5.3,0.44,0.06,5.11,3.17,0.13,0.14,4.16,3.31,0.05,0.04,0.05,0.08,0.03,0.1,0,0,45,41,2,13,0,0,32,59,2,7,MIXED,KA
S07_021,84,119,84,3.356843475,one,ults,aqu,Pale,Arenic,Marine Deposits,PD,28,11157.56,82.89,12.26,4.85,70.93,12.8,16.26,0.4,0.32,4.85,4.88,0.86,0.18,4.84,3.45,0.11,0.12,5.11,3.57,0.03,0.03,0.05,0.06,0.03,0.09,0,0,44,47,0,9,0,0,30,67,0,4,MIXED,KA
S23_002,25,178,25,3.539883302,one,ults,ud,Pale,Plinthaquic,Paludal Deposits,SPD,79,15423.24,80.32,12.42,7.26,62.36,11.95,25.69,0.45,0.39,5,5.11,1.22,0.13,7.26,4.48,0.45,0.29,8.58,4.77,0.06,0.06,0.04,0.41,0.02,0.27,17,0,38,39,0,6,9,0,30,58,0,3,MIXED,KA
S27_011,137,117,137,8.390974289,one,ults,ud,Pale,Grossarenic,Solution Residuum,WD,250,2259.21,95.19,2.2,2.61,77.55,0.54,21.91,0.42,0.38,5.97,5.28,0.36,0.07,2.61,5.32,0.96,0.75,2.75,6.06,0.35,0.16,0,0.96,0,0.75,0,0,39,39,0,23,11,0,22,57,0,10,MIXED,KA
S33_003,109,94,109,4.688538395,one,ults,ud,Kandi,Grossarenic,Decomposition Residuum,ED,250,15841.91,88.56,5.91,5.53,69.7,4.39,25.91,0.43,0.38,5.42,5.12,0.28,0.08,5.53,5.49,0.57,0.72,3.2,6.2,0.17,0.12,0.07,0.51,0.05,0.67,22,0,33,37,0,9,8,0,20,67,0,6,MIXED,KA
S33_030,25,178,25,4.232265137,one,ults,ud,Kandi,Plinthic,Decomposition Residuum,WD,132,35587.4,80.64,9.22,10.14,48.94,8.14,42.92,0.39,0.45,5.34,5.06,1.34,0.11,10.14,8.31,1.44,0.87,9.17,9.18,0.15,0.1,0.09,1.35,0.06,0.81,0,0,45,47,0,8,0,0,22,73,0,5,MIXED,KA
S37_004,20,209,20,4.772509792,one,ults,ud,Kandi,Typic,Decomposition Residuum,WD,173,10882.52,83.95,8.9,7.15,61.79,4.09,34.12,0.47,0.39,5.5,5.05,0.88,0.12,7.15,6.77,1.33,0.61,6.14,7.38,0.2,0.08,0.06,1.27,0.06,0.55,0,0,34,37,0,29,0,0,28,68,0,4,MIXED,KA
S37_025,94,109,94,5.514611086,one,ults,ud,Kandi,Arenic,Decomposition Residuum,WD,162,16595.85,88.11,5.86,6.03,62.4,4.35,33.26,0.47,0.39,5.59,5.17,0.52,0.18,6.03,4.97,0.78,0.88,4.16,5.85,0.18,0.15,0.02,0.77,0.07,0.81,0,0,44,45,0,12,0,0,21,75,0,5,MIXED,KA
S40_002,38,165,38,2.755538337,one,ults,ud,Kandi,Typic,Decomposition Residuum,WD,250,6530.26,81.71,8.42,9.88,67.91,4.87,27.22,0.47,0.39,5.06,4.79,0.97,0.14,9.88,6.64,1.61,2.02,10.62,8.65,0.15,0.24,0.08,1.53,0.09,1.93,0,0,46,44,0,10,0,0,29,66,0,6,MIXED,KA
S40_018,132,71,132,6.505960098,one,ults,aqu,Pale,Grossarenic,Solution Residuum,PD,18,239.35,90.8,6.59,2.6,77.95,5.12,16.94,0.34,0.34,5.29,5.03,0.5,0.08,2.6,19.08,0.21,0.8,3.79,19.87,0.07,0.09,0.05,0.16,0.16,0.64,0,0,43,38,0,19,7,0,32,53,0,9,MIXED,KA
S40_019,61,142,61,5.78869554,one,ults,aqu,Pale,Arenic,Solution Residuum,PD,18,195.67,87.77,5.65,6.58,57.19,4.74,38.07,0.38,0.39,5,4.93,0.79,0.14,6.58,9.79,0.27,0.76,6.6,10.55,0.03,0.07,0.06,0.21,0.11,0.65,0,0,43,44,13,0,0,0,10,88,0,3,MIXED,KA
S45_007,127,76,127,10.23849094,one,ults,ud,Pale,Aquic,Marine Deposits,SPD,43,2553.62,91.18,6.92,1.9,77.96,2.61,19.43,0.43,0.39,5.19,4.37,0.29,0.12,1.9,8.34,0.18,1.05,2.47,9.39,0.08,0.11,0.03,0.15,0.23,0.82,8,0,40,37,0,16,11,0,23,57,0,10,MIXED,KA
S66_018,38,165,38,3.266029755,one,ults,aqu,Pale,Arenic,Decomposition Residuum,SPD,66,18034.95,84.56,9.03,6.41,75.4,3.66,20.94,0.44,0.38,6.06,5.04,0.83,0.05,6.41,3.73,1.96,0.25,4.28,3.98,0.46,0.09,0.15,1.82,0.09,0.16,0,0,41,37,0,22,4,0,4,88,0,3,MIXED,KA
S66_019,28,175,28,3.850712533,one,ults,ud,Pale,Arenic,Decomposition Residuum,MWD,81,18036.4,85.84,8.34,5.81,73.81,3.8,22.39,0.43,0.37,5.77,4.84,0.7,0.06,5.81,2.68,1.52,0.28,4.53,2.96,0.35,0.11,0.28,1.24,0.07,0.21,0,0,37,42,0,21,2,0,6,89,0,3,MIXED,KA
S66_043,15,188,15,1.936694321,one,ults,aqu,Endo,Aeric,Decomposition Residuum,SPD,41,4269.21,72.32,18.14,9.54,72.22,9.3,18.48,0.41,0.37,4.69,4.39,1.56,0.17,9.54,8.75,7.14,0.96,12.62,9.71,0.55,0.1,0.1,7.05,0.13,0.84,10,0,38,39,0,13,31,0,19,41,0,9,MIXED,KA
S07_006,64,139,64,2.392198242,one,ults,ud,Pale,Arenic,Decomposition Residuum,MWD,64,11498.01,80.59,10.98,8.44,71.87,7.94,20.18,0.39,0.34,5.1,4.71,0.29,0.04,8.45,3.49,1.3,0.71,4.65,4.2,0.26,0.17,0.09,1.2,0.06,0.65,0,0,31,30,29,10,0,0,18,64,13,6,MIXED,KA
S02_004,74,129,74,8.058022194,one,alfs,aqu,Endo,Arenic,Marine Deposits,PD,10,7269.83,88.66,8.53,2.81,70.03,7.31,22.66,0.39,0.35,4.63,4.84,0.65,0.22,2.81,2.34,0.25,2.81,3.63,5.15,0.07,0.51,0.06,0.19,0.2,2.6,0,0,28,46,0,24,0,0,12,80,0,8,KA,KA
S02_005,56,147,56,6.936686651,one,ults,ud,Pale,Arenic,Marine Deposits,SPD,71,7141.35,89.61,6.9,3.49,68.15,7.65,24.2,0.42,0.35,6.01,4.88,0.44,0.03,3.49,4.91,2.33,2.11,3.43,7.02,0.6,0.31,0.09,2.24,0.17,1.94,0,0,30,55,0,15,0,0,17,77,0,7,KA,KA
S02_006,56,147,56,7.103854875,one,ults,ud,Pale,Aquic,Marine Deposits,SPD,56,7828.74,91.01,5.81,3.19,70.61,6.75,22.64,0.41,0.34,5.4,4.71,0.4,0.05,3.19,5.78,0.71,1.15,3.22,6.92,0.19,0.17,0.07,0.63,0.12,1.03,0,0,34,48,0,18,0,0,13,78,0,10,KA,KA
S02_008,124,79,124,9.92495966,one,ults,ud,Pale,Grossarenic,Marine Deposits,WD,250,4732.04,92.31,5.44,2.25,74.01,3.7,22.29,0.42,0.37,5.54,4.89,0.25,0.26,2.24,3.69,0.41,1.13,0.49,4.82,0.75,0.25,0.04,0.37,0.15,0.98,0,0,25,64,0,11,0,0,18,73,0,10,KA,KA
S02_009,185,18,185,5.594605646,one,alfs,ud,Pale,Grossarenic,Marine Deposits,SPD,102,4253.66,91.87,4.16,3.97,74.8,3,22.2,0.41,0.33,5.27,4.8,0.08,0.02,3.96,4.17,0.59,2.42,1.17,6.59,0.53,0.37,0.05,0.53,0.11,2.31,0,0,38,49,0,14,0,0,16,74,0,10,KA,KA
S02_010,86,117,86,5.812101839,one,ults,ud,Pale,Aquic,Marine Deposits,SPD,46,4254.21,93.2,4.17,2.63,80.82,3.89,15.29,0.41,0.4,5.51,4.9,0.23,0.07,2.63,1.79,0.74,0.92,1.03,2.71,0.57,0.34,0.05,0.69,0.09,0.83,0,0,30,55,0,15,0,0,17,76,0,8,KA,KA
S02_011,109,94,109,7.553005754,one,ults,ud,Pale,Grossarenic,Marine Deposits,MWD,140,4138.55,93.05,4.69,2.26,79.83,3.07,17.07,0.42,0.38,5.52,5.35,0.17,0.09,2.26,2.2,0.29,1.22,0.5,3.42,0.19,0.47,0.02,0.27,0.04,1.19,0,0,33,55,0,12,0,0,19,77,0,4,KA,KA
S07_002,23,180,23,4.536068376,one,ults,ud,Kandi,Typic,Decomposition Residuum,WD,250,9403.34,83.7,9.8,6.5,61.39,9.12,29.48,0.41,0.37,5.8,5.32,0.36,0.07,6.5,4.71,3.11,1.86,4.96,6.57,0.63,0.28,0.07,3.04,0.12,1.75,0,0,34,47,10,9,0,0,20,53,20,7,KA,KA
S07_004,20,183,20,3.457159527,one,ults,aqu,Pale,Plinthic,Decomposition Residuum,PD,0,11341.58,77.8,11.9,10.3,50.8,13.59,35.61,0.47,0.4,4.5,4.77,2.08,0.16,10.3,10.95,0.24,0.37,14.34,11.31,0.02,0.03,0.09,0.15,0.05,0.32,0,0,37,57,0,5,0,0,27,68,0,5,KA,KA
S07_019,36,167,36,2.1442891,two,ults,aqu,Alb,Typic,Marine Deposits,PD,0,8645.22,36.3,40.85,22.85,23.31,27.69,49,0.5,0.42,4.25,4.66,2.4,0.38,22.85,15.89,0.3,1.77,17.7,17.66,0.02,0.1,0.13,0.17,0.13,1.65,0,0,29,63,0,8,6,0,23,65,0,7,KA,KA
S07_026,15,188,15,4.009812913,one,ults,ud,Pale,Aquic,Marine Deposits,MWD,74,7467.68,60.5,27.7,11.6,25.76,27.73,46.51,0.51,0.47,5.3,5.3,2.13,0.25,11.6,13.86,0.66,0.53,16.47,14.39,0.04,0.04,0.1,0.56,0.09,0.44,0,0,20,73,0,7,0,0,14,79,0,8,KA,KA
S07_027,18,185,18,2.44224613,one,ults,ud,Pale,Plinthic,Marine Deposits,WD,122,11220.16,74.2,15.5,10.3,59.85,15,25.16,0.42,0.39,5.3,5.38,1.26,0.15,10.3,4.23,1.45,0.61,8.26,4.83,0.18,0.13,0.07,1.38,0.02,0.59,0,0,40,49,0,11,0,0,28,68,0,5,KA,KA
S07_028,32,171,32,2.088813487,two,ults,ud,Pale,Plinthaquic,Marine Deposits,SPD,32,10290.48,56.53,26.6,16.87,41.26,23.5,35.24,0.49,0.4,5.04,5.34,2.1,0.21,16.89,7,0.14,0.44,15.48,7.12,0.01,0.06,0.04,0.1,0.03,0.41,0,0,41,49,0,10,0,0,25,71,0,5,MIXED,KA
S09_004,99,104,99,2.886970411,one,ults,ud,Pale,Grossarenic,Decomposition Residuum,WD,250,1310.63,91.78,3.2,5.02,82.05,3.44,14.5,0.43,0.41,5.07,5.05,0.36,0.14,5.02,5.53,0.61,0.83,5.79,6.36,0.1,0.13,0.04,0.57,0.05,0.78,0,0,39,51,0,10,0,0,30,66,0,4,KA,KA
S09_023,53,150,53,4.089921962,one,ults,ud,Pale,Arenic,Solution Residuum,WD,250,2140.7,87.22,4.88,7.9,62.6,5.1,32.3,0.43,0.41,5.1,5.13,0.6,0.14,7.9,7.31,1.41,2.3,6.99,9.6,0.21,0.24,0.06,1.35,0.04,2.25,10,0,28,51,0,9,7,0,22,67,0,4,KA,KA
S12_007,94,109,94,7.544911941,one,ults,aqu,Pale,Umbric,Marine Deposits,VPD,0,5032.59,88.68,8.45,2.87,71.92,6.44,21.64,0.45,0.32,4.67,4.95,2.08,0.14,2.87,7.67,0.09,0.26,16.74,7.93,0.03,0.03,0.03,0.06,0.08,0.18,0,0,43,57,0,0,0,0,32,58,0,11,KA,KA
S19_012,79,124,79,10.25154381,one,ults,ud,Pale,Arenic,Paludal Deposits,SPD,64,27844.84,90.43,7.67,1.89,73.96,6.65,19.39,0.4,0.33,4.55,4.46,0.2,0.09,1.89,4.51,0.09,0.31,1.75,4.76,0.05,0.07,0.02,0.07,0.05,0.26,0,0,32,51,0,17,0,0,18,77,0,6,KA,KA
S19_014,81,122,81,11.33094498,one,ults,ud,Pale,Aquic,Paludal Deposits,MWD,250,20682.04,86.91,11.47,1.62,73.13,8.53,18.34,0.42,0.36,4.37,4.61,0.34,0.05,1.62,4.29,0.12,0.91,2.52,4.96,0.04,0.22,0.03,0.09,0.08,0.83,0,0,37,45,0,18,0,0,20,73,0,8,MIXED,KA
S19_015,183,20,183,11.67091838,one,ults,ud,Pale,Grossarenic,Marine Deposits,MWD,250,5137.84,96.27,2.44,1.29,82.3,2.7,15,0.4,0.37,4.59,4.5,0.08,0.12,1.29,4.16,0.06,1.06,1.2,5.22,0.06,0.2,0.02,0.05,0.08,0.98,14,0,25,43,0,18,7,0,13,72,0,8,KA,KA
S21_002,147,56,147,17.4251988,one,ults,ud,Pale,Grossarenic,Decomposition Residuum,WD,0,6517.04,95.61,3.02,1.37,74.75,1.4,23.85,0.38,0.36,5.43,4.8,0.26,0.07,1.37,5.09,0.22,1.07,2.24,6.15,0.09,0.17,0.04,0.19,0.04,1.03,0,0,24,54,0,22,0,0,9,83,0,9,KA,KA
S21_007,130,73,130,14.23489782,one,alfs,ud,Pale,Grossarenic,Decomposition Residuum,WD,157,6546.42,95.38,2.51,2.11,66.62,3.33,30.06,0.38,0.33,4.69,4,0.24,0.06,2.11,5.89,0.14,3.77,1.73,9.66,0.07,0.35,0.02,0.12,0.05,3.71,0,0,28,55,0,17,0,0,13,77,0,11,KA,KA
S21_011,104,99,104,7.830130289,one,ults,ud,Pale,Aquic,Marine Deposits,SPD,61,3085.69,95.76,2.22,2.02,81.5,2.65,15.85,0.41,0.35,4.38,4.15,0.32,0.04,2.02,6.04,0.12,0.25,2.74,6.29,0.04,0.04,0.03,0.09,0.04,0.22,0,0,35,41,0,24,0,0,26,63,0,12,MIXED,KA
S21_013,81,26,81,21.25929129,one,alfs,ud,Hapl,Arenic,Decomposition Residuum,MWD,96,10710.52,96.16,2.52,1.32,68.49,3.48,28.03,0.39,0.35,4.68,5.45,0.34,0.2,1.32,3.69,0.56,13.11,3.36,16.8,0.14,0.73,0.07,0.49,0.96,12.15,20,0,23,42,0,15,12,0,7,74,0,7,KA,KA
S21_018,48,155,48,4.555648694,one,ults,ud,Hapl,Aquic,Decomposition Residuum,SPD,66,4589.48,92.11,3.61,4.28,78.13,2.36,19.5,0.38,0.34,5.9,3.97,0.47,0.08,4.28,5.99,4.2,1.22,6.72,7.21,0.6,0.17,0.15,4.05,0.11,1.11,0,0,15,66,0,19,0,0,0,89,0,11,KA,KA
S23_003,46,157,46,2.251387029,one,ults,aqu,Pale,Plinthic,Paludal Deposits,PD,0,15554.11,78.48,11.74,9.78,67.52,10.46,22.01,0.42,0.37,4.93,5.16,1.13,0.19,9.78,4.92,0.11,0.2,7.7,5.12,0.02,0.04,0.03,0.08,0.01,0.19,11,0,34,51,0,4,7,0,30,60,0,4,KA,KA
S23_006,28,175,28,3.342843175,one,ults,ud,Pale,Plinthaquic,Paludal Deposits,MWD,142,14956.1,69.27,20.5,10.23,45.63,20.19,34.18,0.43,0.4,4.95,5.08,1.03,0.14,10.23,7.89,0.3,0.58,9.05,8.46,0.03,0.07,0.07,0.24,0.05,0.53,12,0,32,52,0,4,7,0,25,64,0,6,KA,KA
S27_013,71,132,71,5.833866244,one,ults,ud,Pale,Arenic,Decomposition Residuum,WD,160,1647.51,90.9,3.26,5.85,64.2,1.69,34.11,0.47,0.38,5.31,4.79,0.43,0.12,5.85,5.34,0.58,0.68,4.05,6.02,0.15,0.1,0.01,0.57,0,0.68,0,0,29,45,0,26,0,0,11,87,0,3,KA,KA
S32_026,23,160,23,2.404981884,one,ults,ud,Kandi,Rhodic,Solution Residuum,WD,250,23511.2,76.3,9.9,13.8,60.15,6.66,33.19,0.38,0.36,5.5,5.57,0.51,0.08,13.8,5.04,0.8,1.25,6.1,6.3,0.13,0.19,0.1,0.7,0.04,1.22,0,0,32,60,0,8,7,0,25,61,0,8,KA,KA
S32_029,13,165,13,6.681047763,one,ults,ud,Kandi,Typic,Alluvium,WD,250,13212.21,85.8,8.3,5.9,54.16,6.21,39.42,0.37,0.41,5.5,5.05,0.72,0.13,5.9,11.45,1.22,1.07,5.64,12.52,0.22,0.1,0.06,1.16,0.17,0.9,0,0,18,73,0,9,0,1,8,83,0,9,KA,KA
S32_031,23,139,23,3.891366907,one,ults,ud,Pale,Aquic,Solution Residuum,MWD,58,29494.78,70.2,17.8,12,44.57,8.73,46.7,0.36,0.43,5.8,5.17,1.34,0.11,12,6.91,3.13,1.64,10.41,8.54,0.3,0.2,0.31,2.82,0.12,1.52,0,4,28,56,0,12,4,0,15,75,0,7,KA,KA
S32_033,38,135,38,6.908534622,one,ults,ud,Pale,Aquic,Solution Residuum,MWD,51,32708.34,72.01,20.31,7.63,25.99,21.32,52.69,0.48,0.4,5.59,5.15,0.76,0.08,7.63,13.32,1.08,1.33,5.97,14.65,0.18,0.1,0.07,1.02,0.11,1.22,0,0,22,49,0,29,18,0,12,62,0,9,KA,KA
S32_034,15,168,15,2.397192718,two,ults,aqu,Pale,Typic,Solution Residuum,PD,0,33010.49,25.47,52.57,21.97,19.56,27.64,52.66,0.44,0.39,4.4,4.79,2.05,0.09,21.97,15.48,1.39,4.93,10.76,20.41,0.12,0.22,0.21,1.18,0.18,4.75,4,0,26,54,0,17,33,0,6,46,0,14,KA,KA
S32_039,33,155,48,1.724628775,one,ults,aqu,Pale,Plinthic,Solution Residuum,PD,15,27628.63,74.72,13.84,11.45,69.95,10.29,19.75,0.41,0.35,4.75,4.82,0.25,0.05,11.45,5.04,0.11,0.37,5.57,5.41,0.02,0.07,0.04,0.07,0.05,0.33,0,0,30,58,0,12,11,0,11,69,0,9,KA,KA
S33_001,68,135,68,3.470630247,one,ults,ud,Kandi,Arenic,Decomposition Residuum,WD,250,16609.22,86.79,6.71,6.5,72.36,5.09,22.55,0.42,0.38,5.64,5.21,0.5,0.08,6.5,3.69,0.91,1.73,4.2,5.42,0.24,0.33,0.17,0.74,0.09,1.65,15,0,32,45,0,10,17,0,18,62,0,4,KA,KA
S33_004,66,137,66,3.808967672,one,ults,ud,Kandi,Arenic,Decomposition Residuum,WD,130,8737.06,84.78,7.05,8.17,62.9,5.99,31.11,0.39,0.41,5.25,4.78,0.45,0.16,8.17,6.26,0.58,0.4,4.69,6.66,0.1,0.06,0.08,0.5,0.03,0.37,8,0,33,40,0,19,5,0,20,74,0,2,MIXED,KA
S33_005,30,173,30,3.676076099,one,ults,ud,Kandi,Typic,Decomposition Residuum,WD,250,30933.16,78.9,10.8,10.3,54.31,7.82,37.86,0.39,0.38,6.3,6.37,1.53,0.15,10.3,4.72,7.01,2.79,12.68,7.51,0.55,0.38,0.57,6.44,0.48,2.31,10,0,22,63,0,5,3,0,14,81,0,2,KA,KA
S33_006,18,185,18,2.59265419,one,ults,ud,Kanhapl,Typic,Decomposition Residuum,WD,250,31846.86,82.9,5.4,11.7,65.06,4.6,30.33,0.45,0.38,5.8,5.13,1.14,0.12,11.7,4.46,1.1,0.57,8.32,5.03,0.13,0.1,0.14,0.96,0.05,0.52,0,0,17,80,0,3,0,0,11,88,0,1,KA,KA
S33_008,23,177,23,4.30858598,one,ults,ud,Kandi,Plinthic,Decomposition Residuum,WD,157,19176.83,86.4,6.5,7.1,62.42,6.99,30.59,0.42,0.43,5.4,5.4,0.92,0.16,7.1,5.57,1.32,1.88,5.73,7.45,0.23,0.26,0.1,1.22,0.04,1.84,0,0,35,49,0,16,0,0,27,69,0,4,KA,KA
S33_013,18,185,18,2.273153155,two,ults,ud,Kandi,Typic,Decomposition Residuum,WD,250,6838.08,80,5,15,60.34,5.56,34.1,0.55,0.44,6.2,5.03,4.93,0.21,15,8.95,11.26,1.29,23.54,10.23,0.48,0.12,0.7,10.56,0.17,1.12,0,0,29,60,0,11,0,0,24,69,0,8,KA,KA
S33_022,23,99,23,1.898489022,two,ults,aqu,Pale,Typic,Decomposition Residuum,PD,0,28319.67,45,30.8,24.2,43.2,10.84,45.94,0.51,0.4,4.8,4.85,2.51,0.24,24.2,8.3,0.5,0.32,15.11,8.62,0.03,0.04,0.07,0.43,0.04,0.28,0,0,14,81,0,5,0,0,16,79,0,6,KA,KA
S33_028,56,147,56,2.103767848,one,ults,aqu,Pale,Aeric,Decomposition Residuum,SPD,56,27679.64,77.79,11.72,10.49,72.15,5.79,22.06,0.42,0.38,5.16,5.54,0.97,0.05,10.49,4.94,0.64,0.35,7.62,5.29,0.07,0.06,0.08,0.56,0.03,0.31,0,0,35,52,0,13,0,0,19,77,0,5,KA,KA
S33_031,135,68,135,10.82855884,one,ults,ud,Pale,Aquic,Decomposition Residuum,SPD,79,22631.29,90.78,5.86,3.36,59.4,4.2,36.4,0.4,0.43,6.39,4.1,0.28,0.16,3.36,8.78,1.47,0.68,3.23,9.46,0.38,0.07,0.07,1.4,0.05,0.63,0,0,38,52,0,10,0,0,22,75,0,3,KA,KA
S37_027,41,162,41,1.843589851,one,ults,aqu,Pale,Aeric,Decomposition Residuum,SPD,53,21949.21,70.34,12.32,17.34,58.67,9.36,31.97,0.53,0.42,4.92,5.03,1.87,0.1,17.34,7.09,0.94,0.39,12.38,7.48,0.06,0.05,0.12,0.83,0.06,0.34,0,0,26,65,0,9,0,0,13,84,0,4,KA,KA
S38_005,127,76,127,14.59702867,one,alfs,ud,Pale,Grossarenic,Decomposition Residuum,WD,155,13459.72,95.19,3.37,1.44,75.63,3.36,21.01,0.39,0.35,5.13,4.38,0.14,0.05,1.44,3.47,0.38,3.98,1.91,7.45,0.2,0.53,0.04,0.34,0.07,3.91,0,0,27,46,0,27,0,0,17,74,0,9,KA,KA
S38_006,68,21,68,43.75652173,one,alfs,ud,Hapl,Arenic,Decomposition Residuum,WD,250,20008.83,97.28,2.04,0.68,66.2,4.2,29.6,0.43,0.44,6.31,7.5,0.19,0.42,0.68,3.21,1.1,13.81,1.83,17.02,0.54,0.81,0.01,1.09,0.12,13.69,0,0,23,58,0,19,0,0,10,83,0,7,KA,KA
S40_004,36,167,36,5.849527939,one,ults,ud,Kanhapl,Typic,Decomposition Residuum,WD,250,9964.69,89,2.85,8.15,48.59,3.74,47.67,0.44,0.41,4.8,4.27,0.77,0.17,8.15,7.23,0.73,0.63,4.84,7.86,0.15,0.08,0.08,0.66,0.08,0.55,0,0,25,67,0,8,0,0,9,88,0,4,KA,KA
S40_007,61,142,61,3.222620479,one,ults,ud,Kandi,Arenic,Solution Residuum,WD,250,1494.2,86.16,6.26,7.58,70.85,4.72,24.43,0.39,0.38,5.15,4.72,0.55,0.11,7.58,7.22,2.73,2.21,6.86,9.43,0.39,0.24,0.17,2.56,0.1,2.11,0,0,40,49,0,11,0,0,22,71,0,7,MIXED,KA
S40_013,20,183,20,5.219416861,one,ults,ud,Kandi,Typic,Decomposition Residuum,WD,162,25207.56,84.45,8.7,6.85,57.89,6.36,35.75,0.39,0.35,5.3,5,0.74,0.13,6.85,5.69,1.79,1.78,7.31,7.47,0.24,0.23,0.12,1.67,0.07,1.71,0,0,24,71,0,5,0,0,5,92,0,3,KA,KA
S40_014,5,198,5,3.699888499,two,ults,ud,Kandi,Typic,Decomposition Residuum,WD,250,21380.51,74.9,9.7,15.4,36.47,6.55,56.98,0.43,0.44,5.7,4.28,1.4,0.16,15.4,9.68,3.93,1.2,10.79,10.88,0.36,0.1,0.41,3.52,0.1,1.09,0,0,20,73,0,7,0,0,9,87,0,4,KA,KA
S40_015,213,92,213,3.935788186,one,epts,ud,Dystr,Humic,Solution Residuum,WD,250,5790.55,86.06,7.27,6.68,67.55,6.17,26.28,0.4,0.35,4.85,4.82,0.34,0.08,6.68,4.53,0.64,2.57,3.73,7.1,0.19,0.36,0.08,0.55,0.08,2.5,0,0,24,46,0,30,0,0,22,73,0,5,KA,KA
S40_020,74,129,74,6.536597545,one,ults,ud,Pale,Aquic,Solution Residuum,SPD,48,2764,88.23,7.28,4.49,60.3,10.37,29.33,0.4,0.34,5.02,4.93,0.25,0.06,4.49,9.4,0.22,0.65,3.3,10.05,0.07,0.07,0.12,0.1,0.22,0.43,0,0,30,60,0,11,0,0,12,67,0,21,KA,KA
S40_021,94,109,99,2.183155633,one,ults,aqu,Pale,Umbric,Solution Residuum,VPD,0,118.8,85.4,9.05,5.55,82.62,5.26,12.12,0.41,0.32,5.35,4.81,1.25,0.1,5.55,6.47,0.51,0.25,8.73,6.72,0.05,0.04,0.12,0.39,0.1,0.15,0,0,29,64,0,7,0,0,33,59,0,8,KA,KA
S40_022,76,127,76,6.351209305,one,ults,ud,Kandi,Arenic,Decomposition Residuum,WD,117,6560.73,88.75,6.32,4.92,62.12,6.62,31.26,0.42,0.37,5.84,4.4,0.41,0.13,4.92,7.18,0.75,0.92,3.82,8.1,0.2,0.12,0.19,0.56,0.16,0.76,0,0,32,61,0,7,0,0,20,78,0,2,KA,KA
S40_025,56,86,56,3.659788185,one,ults,ud,Hapl,Arenic,Alluvium,WD,175,8076.56,82.28,12.4,5.33,70.38,10.13,19.49,0.46,0.39,5.4,4.83,0.72,0.15,5.32,5.71,0.89,1.01,4.68,6.72,0.2,0.15,0.05,0.84,0.08,0.93,0,0,37,51,0,12,0,0,29,64,0,7,KA,KA
S40_027,175,28,175,5.467831344,one,ults,ud,Pale,Grossarenic,Solution Residuum,MWD,135,1667.45,92.18,4.42,3.4,77.9,3.5,18.6,0.44,0.35,5.06,4.8,0.89,0.26,3.4,4.49,0.26,0.97,3.09,5.46,0.09,0.18,0.05,0.21,0.09,0.88,32,0,0,42,0,26,23,0,0,67,0,10,KA,KA
S45_032,124,79,124,13.66343645,one,alfs,ud,Pale,Grossarenic,Marine Deposits,MWD,137,4091.37,92.82,5.19,2,67.16,5.58,27.26,0.47,0.38,5.59,5.09,0.26,0.11,2,5.41,0.9,3.94,2.1,9.36,0.4,0.42,0.03,0.87,0.12,3.82,11,0,32,40,0,17,8,0,33,48,0,11,MIXED,KA
S46_012,58,145,58,2.145491803,one,epts,ud,Dystr,Fluvaquentic,Alluvium,SPD,46,552.34,70.59,24.36,5.05,64.78,24.39,10.83,0.49,0.35,4.51,4.56,0.83,0.12,5.05,2.46,0.12,0.12,6.25,2.58,0.02,0.05,0.06,0.06,0.05,0.07,11,0,32,44,0,13,9,0,25,61,0,5,KA,KA
S46_016,56,147,56,7.153667302,one,ults,ud,Kandi,Arenic,Decomposition Residuum,WD,150,26203.17,81.88,15.31,2.82,70.12,9.74,20.15,0.44,0.37,4.83,4.96,0.44,0.07,2.82,4.5,0.22,0.36,2.07,4.87,0.13,0.08,0.05,0.16,0.06,0.3,0,0,36,50,0,14,0,0,25,69,0,7,KA,KA
S51_012,109,94,109,14.48667205,one,ults,ud,Pale,Grossarenic,Decomposition Residuum,SPD,122,327.22,95.7,2.11,2.19,64.46,3.79,31.75,0.42,0.35,5.91,4.81,0.32,0.13,2.19,4.97,0.58,1.17,2.65,6.14,0.18,0.19,0.08,0.5,0.12,1.06,0,0,40,50,0,10,0,0,13,82,5,0,KA,KA
S53_005,145,58,145,15.93665509,one,ults,ud,Pale,Aquic,Decomposition Residuum,SPD,96,168.63,95.18,3.03,1.79,68.45,3.09,28.46,0.44,0.36,5.76,5.12,0.29,0.13,1.79,4.45,0.29,0.57,2.26,5.02,0.1,0.11,0.02,0.27,0.03,0.54,0,0,31,43,0,26,0,0,3,97,0,0,KA,KA
S54_008,102,101,102,8.314718427,one,ults,ud,Pale,Grossarenic,Paludal Deposits,WD,250,6109.03,95.08,2.19,2.73,73.87,3.45,22.69,0.45,0.38,6.01,5.07,0.32,0.1,2.73,2.05,0.31,0.65,2.33,2.7,0.11,0.24,0.03,0.28,0.06,0.59,0,0,20,75,0,5,0,0,12,85,0,4,KA,KA
S54_013,165,38,165,10.00386998,one,alfs,ud,Pale,Aquic,Marine Deposits,SPD,76,10761.29,93.24,5.46,1.3,82.69,4.32,12.99,0.42,0.34,5.87,5.61,0.09,0.05,1.3,2.37,0.49,1.45,1.18,3.82,0.56,0.39,0.01,0.48,0.06,1.39,14,0,31,37,0,18,9,0,12,72,0,7,MIXED,KA
S60_008,119,84,119,11.59260274,one,alfs,ud,Pale,Grossarenic,Marine Deposits,WD,250,19154.03,95.64,2.83,1.53,77.01,5.21,17.78,0.42,0.36,5.01,4.86,0.35,0.1,1.53,1.77,0.23,1.13,2.23,2.9,0.11,0.39,0.03,0.2,0.06,1.07,0,0,18,60,0,22,8,0,19,68,0,5,KA,KA
S63_009,38,165,38,3.308827033,one,ults,ud,Pale,Arenic,Decomposition Residuum,MWD,86,11184.84,86.58,5.92,7.49,68.23,6.97,24.8,0.44,0.47,5.45,5.08,0.79,0.17,7.5,8.15,1.22,2.02,8.96,10.17,0.13,0.2,0.15,1.07,0.07,1.94,0,0,28,53,0,19,0,0,12,78,0,10,KA,KA
S66_029,20,183,20,3.015126316,one,ults,ud,Kandi,Plinthic,Decomposition Residuum,WD,112,5820.69,78.7,14.4,6.9,66.79,12.4,20.8,0.43,0.35,4.7,4.42,1.02,0.1,6.9,4.4,1.3,0.77,7.49,5.17,0.17,0.15,0.25,1.05,0.13,0.64,0,0,34,57,9,0,0,4,21,64,11,0,KA,KA
S66_037,61,142,61,2.001715611,one,ults,ud,Pale,Plinthaquic,Decomposition Residuum,SPD,71,19217.16,79.89,11.44,8.67,71.17,11.48,17.35,0.43,0.36,4.84,5.06,0.84,0.07,8.67,3.75,0.28,0.5,6.37,4.25,0.05,0.13,0.06,0.21,0.05,0.44,0,0,41,47,0,12,7,2,22,61,0,8,MIXED,KA
S01_071,53,150,53,3.368444441,one,ults,aqu,Pale,Arenic,Decomposition Residuum,PD,20,9219.3,90.95,3.95,5.09,77.79,5.05,17.16,0.36,0.37,5.84,4.87,0.32,0.11,5.09,14.18,0.96,1.31,5.23,15.49,0.16,0.08,0.08,0.89,0.09,1.23,0,0,45,15,0,40,0,0,20,47,0,34,MIXED,KA
S02_003,94,109,94,21.64440437,one,ods,aqu,Al,Ultic,Marine Deposits,PD,20,7469.84,93.47,5.4,1.13,68.53,7.11,24.36,0.4,0.34,5.02,4.9,0.44,0.14,1.13,4.88,0.13,0.96,3.25,5.84,0.04,0.16,0.04,0.09,0.09,0.87,0,0,32,34,0,35,0,0,21,75,0,5,MIXED,KA
S01_067,74,139,74,8.670696629,one,ults,ud,Pale,Arenic,Decomposition Residuum,MWD,89,288.39,92.52,4.42,3.06,71.07,2.38,26.55,0.4,0.35,5.81,5.34,0.31,0.07,3.06,9.79,0.76,2.56,4.29,12.35,0.19,0.21,0.09,0.67,0.13,2.43,0,0,23,31,0,46,0,0,7,77,0,17,QZ,KA
S01_082,71,132,71,33.13333333,one,ults,aqu,Pale,Arenic,Marine Deposits,VPD,0,6902.56,96.33,2.93,0.75,70.23,5.04,24.73,0.51,0.34,4.23,4.02,4.66,0.2,0.75,9.55,0.34,1.59,32.24,11.14,0.04,0.15,0.18,0.17,0.35,1.24,0,0,12,5,0,83,35,0,0,53,0,12,QZ,KA
S01_084,109,102,109,11.97769553,one,ults,ud,Pale,Grossarenic,Decomposition Residuum,WD,175,7370.87,93.01,5.74,1.25,76.52,8.46,15.02,0.41,0.38,5.67,5.01,0.17,0.04,1.25,5.02,0.34,0.87,2.29,5.89,0.13,0.14,0.05,0.29,0.06,0.81,0,0,30,25,0,45,0,0,17,84,0,0,QZ,KA
S01_099,109,94,109,16.5380391,one,ults,aqu,Pale,Grossarenic,Decomposition Residuum,PD,20,12983.39,94.16,3.81,2.04,60.6,5.72,33.68,0.36,0.41,5.53,5.23,0.1,0.25,2.03,11.51,0.56,8.55,3.1,20.05,0.19,0.4,0.03,0.54,0.31,8.24,0,0,18,15,0,67,16,0,11,64,0,10,QZ,KA
S01_101,107,99,107,16.11644061,one,ults,aqu,Pale,Grossarenic,Decomposition Residuum,PD,26,5122.02,94.6,4.08,1.32,71.07,7.67,21.27,0.39,0.38,4.74,4.49,0.32,0.11,1.32,5.47,0.08,0.89,2.19,6.35,0.04,0.14,0.02,0.06,0.05,0.84,19,0,23,11,0,45,8,0,24,57,0,11,QZ,KA
S08_004,107,96,107,16.75718389,one,alfs,aqu,Endo,Grossarenic,Solution Residuum,PD,13,32529.17,98.27,1.11,0.62,85.96,3.6,10.45,0.42,0.33,6.62,6.58,0.32,0.24,0.62,1.37,0.32,4.32,0.92,5.69,0.4,0.76,0.08,0.24,0.22,4.1,3,0,5,3,0,91,9,0,12,58,0,21,QZ,KA
S08_005,86,21,96,4.152477764,one,alfs,aqu,Endo,Arenic,Marine Deposits,VPD,0,22300.33,93.33,3.01,3.66,81.8,3,15.2,0.45,0.39,5.69,6.9,2.63,1.01,3.66,2.58,44.38,45.89,45.99,48.47,0.75,0.95,32.96,11.44,24.33,21.56,9,0,8,8,0,75,25,0,29,38,0,8,QZ,KA
S12_019,79,124,79,6.717406208,one,ults,aqu,Pale,Arenic,Marine Deposits,PD,25,1945.75,90.84,6.22,2.95,76.41,3.78,19.81,0.42,0.36,4.23,3.92,0.76,0.13,2.95,4.74,0.12,0.17,4.85,4.92,0.02,0.04,0.04,0.08,0.07,0.1,0,0,30,31,0,39,6,0,21,66,0,9,MIXED,KA
S14_001,122,81,122,19.58140197,one,ods,aqu,Al,Arenic,Marine Deposits,PD,36,28151.61,97.88,1.05,1.07,77.67,1.4,20.93,0.42,0.37,4.8,4.51,0.4,0.28,1.07,7.82,0.24,0.76,3.54,8.59,0.07,0.09,0.03,0.21,0.11,0.66,0,0,13,18,0,69,0,0,13,81,0,6,QZ,KA
S14_008,172,31,172,5.792093705,one,ents,aqu,Psamm,Spodic,Marine Deposits,PD,15,15471.68,97.47,1.74,0.79,93.8,1.6,4.6,0.4,0.36,5.19,4.8,0.22,0.05,0.79,1.35,0.51,0.93,1.1,2.28,0.66,0.41,0.04,0.47,0.07,0.86,0,0,17,36,0,48,0,0,34,40,0,26,QZ,MIXED
S19_007,117,86,117,2.502108435,one,ents,aqu,Psamm,Humaqueptic,Marine Deposits,PD,0,1047.53,95.23,1.94,2.84,92.3,0.6,7.1,0.46,0.37,4.73,4.7,0.74,0.46,2.84,1.56,0.1,0.06,3.02,1.62,0.05,0.04,0.02,0.08,0.01,0.05,0,0,27,16,0,57,0,0,34,51,0,15,QZ,KA
S19_016,124,79,124,7.290609495,one,ods,aqu,Al,Ultic,Paludal Deposits,PD,124,17921.83,91.74,6.8,1.46,86.09,3.23,10.68,0.41,0.33,4.23,4.27,0.54,0.25,1.46,2.85,0.11,0.13,3.51,2.98,0.06,0.04,0.02,0.09,0.04,0.09,0,0,28,24,0,48,0,0,24,69,0,7,QZ,KA
S19_017,145,58,145,3.108603667,one,ents,aqu,Psamm,Humaqueptic,Paludal Deposits,PD,51,16560.09,94.39,3.16,2.44,91.7,0.7,7.6,0.37,0.35,4.24,4.6,0.95,0.19,2.44,2.6,0.15,0.14,3.68,2.74,0.04,0.05,0.02,0.13,0.03,0.11,0,0,24,23,0,53,14,0,13,66,0,7,QZ,KA
S26_017,160,25,160,26.06622517,one,ods,aqu,Al,Alfic,Paludal Deposits,PD,21,46546.02,97.41,1.64,0.94,74.6,0.8,24.6,0.41,0.36,4.79,5.3,0.8,0.78,0.94,6.17,1.68,10.91,6.2,17.08,0.22,0.64,0.04,1.64,0.22,10.69,21,0,14,14,0,52,18,0,19,54,0,9,QZ,KA
S28_017,157,46,157,6.080985914,one,ents,aqu,Psamm,Spodic,Marine Deposits,PD,15,8887.17,95.13,2.7,2.17,84.1,2.7,13.2,0.38,0.33,5.7,4.4,0.19,0.02,2.17,3.38,0.44,2.16,2.46,5.54,0.2,0.39,0.04,0.39,0.09,2.07,22,0,8,12,0,59,13,0,0,75,0,12,QZ,KA
S28_018,89,114,89,45.15900407,one,ods,aqu,Al,Arenic,Marine Deposits,PD,23,9256.64,98.26,1.36,0.38,79.41,3.34,17.25,0.4,0.34,4.92,4.73,0.25,0.63,0.38,9.3,0.11,0.63,1.97,9.93,0.04,0.08,0.02,0.09,0.09,0.53,0,0,0,18,0,82,19,0,8,42,0,33,QZ,KA
S28_019,66,137,66,34.73367262,one,ods,aqu,Al,Alfic,Paludal Deposits,PD,25,8138.58,98.01,1.53,0.46,80.15,3.86,16,0.4,0.34,4.91,4.67,0.2,0.47,0.46,6.97,0.13,2.41,1.16,9.39,0.13,0.31,0.02,0.1,0.17,2.25,0,0,0,13,0,87,16,0,0,64,0,20,QZ,KA
S32_022,30,173,30,3.824563496,one,ults,ud,Kandi,Arenic,Solution Residuum,WD,140,1773.43,87.55,7.6,4.85,74.59,5.84,19.57,0.41,0.38,5.6,5.29,0.42,0.07,4.85,2.87,0.6,0.72,3.05,3.59,0.2,0.2,0,0.6,0,0.72,0,0,27,20,16,37,0,0,25,42,24,8,QZ,KA
S33_019,66,137,66,10.33015098,one,alfs,aqu,Endo,Arenic,Decomposition Residuum,VPD,0,12940.34,91.3,6,2.71,68.79,3.25,27.95,0.4,0.35,5.02,4.98,0.64,0.18,2.71,7.69,0.28,2.57,4.34,10.27,0.06,0.23,0.03,0.24,0.07,2.5,0,0,21,22,0,57,10,0,21,61,0,9,QZ,KA
S33_027,122,81,122,9.979251623,one,ods,aqu,Al,Alfic,Alluvium,PD,28,3907.81,94.01,4.19,1.8,78.94,3.09,17.98,0.41,0.34,4.95,4.86,0.45,0.32,1.8,7.88,0.12,25.43,4.88,33.31,0.06,0.63,0.02,0.1,0.03,25.39,21,0,15,15,0,50,0,0,17,54,0,29,QZ,KA
S36_015,71,132,71,30.84167366,one,ods,aqu,Al,Alfic,Solution Residuum,PD,20,41827.74,97.98,1.41,0.61,79.02,2.04,18.94,0.39,0.39,6.05,4.67,0.42,0.75,0.61,4.51,0.46,5.41,4.18,9.92,0.09,0.56,0.04,0.42,0.47,4.94,0,0,15,14,0,72,0,0,40,48,0,13,QZ,MIXED
S37_012,23,180,23,4.815235088,one,ults,ud,Kandi,Arenic,Decomposition Residuum,WD,157,7973.14,85.36,9.83,4.81,67.72,5.87,26.41,0.47,0.39,5.19,5.15,1.3,0.18,4.81,5.12,0.32,0.25,6.12,5.37,0.05,0.04,0.07,0.25,0.04,0.21,0,0,21,30,0,49,0,0,19,67,0,13,QZ,KA
S37_026,56,147,56,4.997941316,one,ults,ud,Pale,Aquic,Decomposition Residuum,SPD,56,6482.8,86.94,8.64,4.42,64.68,13.23,22.09,0.45,0.39,4.83,4.99,0.63,0.13,4.42,7.25,0.11,0.37,4.4,7.62,0.02,0.05,0.02,0.09,0.09,0.28,9,0,20,18,0,53,18,0,21,50,0,11,QZ,KA
S37_029,66,137,66,8.370822823,one,ults,aqu,Pale,Arenic,Decomposition Residuum,PD,0,17535.76,90.25,6.2,3.56,67.48,2.76,29.77,0.44,0.35,5.1,4.66,1.15,0.11,3.56,6.46,0.4,0.12,6.88,6.57,0.04,0.02,0.06,0.35,0.06,0.06,0,0,24,32,0,44,0,0,16,79,0,5,QZ,KA
S37_030,117,86,117,7.310984324,one,ults,ud,Pale,Aquic,Decomposition Residuum,SPD,38,17124.12,90.4,7.68,1.92,78.83,7.15,14.02,0.41,0.32,6.82,6.17,0.28,0.08,1.92,4.84,0.06,0.27,2.19,5.11,0.03,0.05,0.03,0.03,0.06,0.21,0,0,37,19,0,44,0,0,33,49,0,18,MIXED,KA
S40_011,173,30,173,6.05870942,one,ults,ud,Kandi,Grossarenic,Solution Residuum,WD,250,4352.48,92.92,4.25,2.83,79.5,3.35,17.15,0.4,0.37,5.51,4.85,0.25,0.08,2.83,3.97,0.54,0.71,2.15,4.67,0.26,0.17,0.05,0.49,0.08,0.63,0,0,33,23,0,44,0,0,20,75,0,5,QZ,KA
S40_012,127,76,127,10.25917108,one,ults,ud,Pale,Aquic,Decomposition Residuum,SPD,66,7660.42,90.77,6.32,2.92,65.35,4.84,29.91,0.41,0.34,4.61,4.19,0.36,0.06,2.92,7.01,0.19,0.69,4.58,7.7,0.04,0.09,0.05,0.14,0.12,0.57,0,0,16,18,0,66,0,0,7,89,0,5,QZ,KA
S43_021,107,55,107,21.47320411,one,alfs,aqu,Endo,Grossarenic,Marine Deposits,PD,13,1079.68,96.1,3.08,0.82,79.3,3.1,17.6,0.38,0.31,6.84,6.8,0.14,0.18,0.82,2.55,0.38,6.84,0.68,9.39,0.68,0.73,0.01,0.36,0.3,6.54,12,0,0,29,0,60,0,0,0,63,0,37,QZ,KA
S45_021,53,150,53,15.3806,one,ods,aqu,Al,Ultic,Marine Deposits,PD,25,11595.3,95.37,3.68,0.94,81.2,4.29,14.51,0.49,0.43,4.25,4.36,1.74,0.84,0.94,12.46,1.71,0.35,9.26,12.81,0.12,0.04,0.17,1.54,0.1,0.24,0,0,11,14,0,75,5,0,21,55,0,19,QZ,KA
S49_028,89,35,89,5.666455494,one,alfs,aqu,Endo,Grossarenic,Marine Deposits,PD,18,23610.14,96.99,2,1.01,90,2.8,7.2,0.41,0.39,6.46,5.51,0.13,0.23,1.01,3.1,0.09,1.01,0.73,4.11,0.13,0.27,0.03,0.06,0.05,0.96,0,0,18,9,0,73,0,0,6,87,0,7,QZ,KA
S51_002,58,145,58,9.0742857,one,ods,aqu,Al,Alfic,Marine Deposits,PD,15,13516.94,94.56,3.81,1.63,76.91,7.64,15.45,0.46,0.37,5.22,7.97,1.42,0.16,1.63,1.79,1.06,15.15,5.98,16.94,0.42,0.87,0.04,1.02,0.07,15.08,0,0,0,0,0,100,20,0,14,45,0,21,QZ,KA
S51_011,109,94,109,25.97757065,one,ods,aqu,Al,Alfic,Marine Deposits,PD,0,11655.67,94.74,3.89,1.37,58.95,5.42,35.63,0.41,0.41,4.88,5.23,0.67,0.16,1.37,8.95,0.12,7.95,4.11,16.91,0.02,0.47,0.03,0.09,0.37,7.58,0,0,0,0,0,100,19,0,7,65,0,10,QZ,KA
S53_003,53,150,53,33.24132631,one,ods,aqu,Hapl,Ultic,Marine Deposits,PD,28,3545.27,93.56,5.37,1.07,57.74,3.54,38.72,0.44,0.41,5.73,5.14,0.85,0.42,1.07,9.01,2.94,1.54,4.9,10.55,0.37,0.15,0.07,2.87,0.15,1.39,0,0,5,6,0,89,0,0,0,100,0,0,QZ,KA
S53_015,46,157,46,32.5649212,one,ods,aqu,Al,Alfic,Decomposition Residuum,PD,25,7442.53,95.69,3.25,1.06,61.77,3.68,34.55,0.39,0.39,4.93,4.99,0.97,0.33,1.06,10.72,1.42,4.96,8.94,15.68,0.11,0.35,0.09,1.33,0.24,4.72,0,0,14,19,0,67,7,0,19,57,0,17,QZ,KA
S54_009,168,35,168,12.59271255,one,ults,ud,Pale,Grossarenic,Marine Deposits,MWD,127,4737.36,94.96,3.57,1.47,75.29,6.2,18.51,0.4,0.33,5.27,4.89,0.22,0.08,1.47,7.02,0.13,0.6,1.11,7.63,0.22,0.09,0.02,0.1,0.13,0.47,9,0,30,14,0,48,25,0,16,51,0,8,QZ,KA
S60_001,38,165,38,15.0267916,one,ods,aqu,Al,Alfic,Decomposition Residuum,PD,18,20121.38,92.68,5.43,1.89,61.26,10.35,28.39,0.47,0.37,4.87,5.78,1.2,0.27,1.89,6.52,1.32,18.1,7.26,24.62,0.18,0.64,0.1,1.22,0.16,17.94,24,0,12,17,0,47,9,0,6,76,0,9,QZ,KA
S60_003,58,145,58,53.75199986,one,ods,aqu,Al,Alfic,Decomposition Residuum,PD,22,19406.54,94.71,5.03,0.26,78.96,7.13,13.9,0.44,0.42,4.98,4.72,0.95,0.69,0.26,11.21,0.65,1.43,7.48,12.64,0.08,0.14,0.06,0.58,0.07,1.37,20,0,11,15,0,54,7,0,11,48,0,34,QZ,KA
S60_007,114,89,117,8.964550008,one,ults,ud,Pale,Aquic,Solution Residuum,SPD,77,18505.16,94.5,2.92,2.58,73.33,3.54,23.13,0.41,0.36,5.13,4.84,0.23,0.1,2.58,6.39,0.23,1.04,2.92,7.43,0.11,0.16,0.03,0.2,0.16,0.88,10,0,30,21,0,38,6,0,20,66,0,8,MIXED,KA
S60_009,122,81,122,18.72495329,one,ods,aqu,Al,Alfic,Decomposition Residuum,PD,23,26260.2,96.07,2.26,1.67,63.71,4.97,31.33,0.43,0.43,4.67,5.06,0.91,0.43,1.67,9.85,0.66,10.71,9.1,20.57,0.07,0.52,0.06,0.59,0.22,10.49,0,0,19,7,0,74,0,0,23,67,0,10,QZ,KA
S62_005,51,15,51,3.767567568,one,ods,aqu,Al,Alfic,Solution Residuum,PD,10,12765.88,97.34,1.57,1.09,66.8,5,28.21,0.45,0.47,4.22,3.9,0.92,2.17,1.09,18.95,0.46,0.14,6,19.09,0.05,0.01,0.03,0.43,0.04,0.1,0,0,0,15,0,85,21,0,17,35,0,27,QZ,MIXED
S63_002,124,79,124,11.96321625,one,ults,ud,Pale,Aquic,Alluvium,SPD,48,12428.87,93.82,4.52,1.66,75.34,4.77,19.89,0.42,0.39,5.5,4.66,0.26,0.14,1.66,6.41,0.4,1.44,3.18,7.85,0.11,0.18,0.09,0.31,0.46,0.98,0,0,26,24,0,50,0,0,35,56,0,9,QZ,KA
S63_006,127,76,127,15.6296547,one,ods,aqu,Al,Ultic,Decomposition Residuum,PD,25,15112.13,94.42,4.21,1.36,74.02,4.69,21.29,0.4,0.35,4.8,4,0.48,0.08,1.36,6.29,0.61,0.39,4.1,6.69,0.18,0.06,0.05,0.56,0.11,0.28,0,0,35,20,0,45,0,0,28,61,0,11,QZ,KA
S64_012,61,163,61,11.77755429,one,ults,ud,Pale,Grossarenic,Marine Deposits,WD,152,1607.92,95.8,3.11,1,81.09,3.43,15.4,0.42,0.39,4.96,5.07,0.54,0.14,1,4.62,0.54,0.27,2.09,4.9,0.19,0.04,0.03,0.51,0.04,0.23,0,0,19,15,0,66,5,0,31,47,0,17,QZ,KA
S64_026,142,61,142,9.768236383,one,ods,aqu,Al,Arenic,Marine Deposits,PD,25,6068.78,95.67,2.8,1.53,82.5,2.6,14.9,0.44,0.38,5.13,4.9,0.87,0.46,1.52,8.19,0.29,0.55,5.95,8.74,0.15,0.06,0.03,0.25,0.08,0.47,0,0,4,4,0,92,0,0,29,58,0,13,QZ,KA
S07_014,117,86,117,9.449951151,one,ults,ud,Pale,Grossarenic,Marine Deposits,SPD,74,9999.5,85.97,12.01,2.01,71.36,9.6,19.04,0.4,0.35,5.29,4.79,0.22,0.12,2.02,4.14,0.31,0.71,1.64,4.85,0.2,0.24,0.03,0.28,0.08,0.63,0,0,40,24,0,36,0,0,41,47,0,12,MIXED,MIXED
S09_002,109,26,109,10.51172892,one,ods,aqu,Al,Alfic,Decomposition Residuum,SPD,23,560.66,98.06,0.89,1.06,86.8,2.1,11.1,0.41,0.38,5.38,6,0.26,0.2,1.05,2.91,0.69,4.89,2.57,7.8,0.26,0.63,0.02,0.67,0.06,4.83,0,0,38,23,0,39,0,0,35,41,0,24,MIXED,MIXED
S12_006,142,61,142,10.69930913,one,ults,aqu,Pale,Grossarenic,Marine Deposits,PD,23,3978.58,94.58,3.5,1.92,76.95,2.52,20.52,0.44,0.35,5.13,4.72,0.41,0.11,1.92,6.71,0.09,0.35,3,7.07,0.05,0.05,0.02,0.06,0.03,0.33,0,0,44,22,0,34,0,0,42,55,0,4,MIXED,KA
S14_002,79,101,79,10.37059176,one,alfs,aqu,Gloss,Arenic,Marine Deposits,PD,15,21976.32,96.62,2.02,1.36,83.76,2.13,14.11,0.41,0.34,6.72,6.38,0.45,0.16,1.36,2.31,2.04,4.27,2.81,6.58,0.78,0.64,0.09,1.94,0.17,4.1,0,0,37,29,0,35,0,0,38,50,0,12,MIXED,KA
S34_002,130,73,130,9.35124945,one,ults,ud,Pale,Aquic,Solution Residuum,SPD,79,11192.38,94.99,3.15,1.84,74.28,8.5,17.22,0.45,0.37,5.59,5.4,0.31,0.16,1.84,12.55,0.14,0.97,6.88,13.52,0.02,0.09,0.01,0.12,0.07,0.91,21,0,32,17,0,30,8,0,28,48,0,18,MIXED,KA
S37_002,127,127,127,4.881160758,one,ults,ud,Pale,Aquic,Marine Deposits,SPD,53,2448.87,82.46,14.12,3.42,73.73,9.58,16.69,0.32,0.33,5.16,5.17,0.17,0.03,3.42,4.6,0.08,0.22,2.01,4.82,0.05,0.05,0.01,0.08,0.01,0.21,0,0,46,10,0,45,0,0,33,62,0,6,MIXED,KA
S63_011,58,145,58,4.829577461,one,alfs,aqu,Endo,Arenic,Decomposition Residuum,PD,23,16746.13,91.63,4.94,3.43,77.71,5.74,16.55,0.39,0.31,5.79,5.23,0.43,0.06,3.43,5.66,3.23,3.94,6.04,9.6,0.41,0.39,0.29,2.93,0.12,3.82,17,0,34,20,0,29,8,0,23,50,0,20,MIXED,KA
S14_010,127,76,127,22.41176473,one,alfs,aqu,Endo,Grossarenic,Marine Deposits,PD,0,10260.83,97.82,1.44,0.74,81.5,2,16.5,0.37,0.35,4.76,3.8,0.12,0.02,0.74,4.94,0.29,3.76,0.7,8.7,0.53,0.43,0.04,0.25,0.17,3.59,22,0,13,31,0,34,22,0,7,62,0,9,MIXED,KA
S21_016,74,129,74,3.920893849,one,ults,ud,Hapl,Arenic,Alluvium,SPD,43,14251.11,89.9,5.95,4.15,78.39,5.35,16.26,0.46,0.39,4.79,4.17,0.41,0.08,4.14,6.98,0.34,0.54,2.49,7.52,0.15,0.07,0.04,0.31,0.06,0.47,0,0,24,38,0,38,26,0,16,48,0,12,MIXED,KA
S37_008,13,190,13,2.328986068,one,ults,ud,Kandi,Typic,Decomposition Residuum,WD,250,12218.7,74.8,11,13.6,63.48,4.82,31.67,0.46,0.38,5.3,5.41,2.48,0.16,13.6,8.81,3.61,1.96,16.21,10.77,0.22,0.18,0.17,3.44,0.07,1.89,0,0,16,41,0,43,0,0,10,87,0,3,MIXED,KA
S57_037,119,84,119,2.614821123,one,ults,ud,Pale,Aquic,Decomposition Residuum,SPD,43,7101.42,84.04,9.3,6.66,75.22,7.36,17.42,0.37,0.36,5.5,5.6,0.31,0.07,6.66,3.39,0.14,0.19,3.14,3.58,0.06,0.05,0.02,0.13,0.01,0.18,0,0,40,11,21,28,0,0,15,42,38,5,HV,MIXED
S60_004,74,129,74,26.1898848,one,alfs,ud,Pale,Aquic,Decomposition Residuum,SPD,61,12532.53,95.11,3.22,1.67,50.07,6.19,43.74,0.43,0.48,5.23,5.47,0.4,0.07,1.67,12.66,0.83,14.04,2.96,26.7,0.28,0.53,0.03,0.8,0.48,13.56,0,0,35,39,0,24,39,0,13,43,0,5,MIXED,MIXED
S02_022,53,137,66,2.143333496,one,ults,aqu,Pale,Umbric,Marine Deposits,VPD,0,7148.19,57.61,26.57,15.82,52.83,13.27,33.91,0.57,0.37,4.6,4.5,4.63,0.2,15.82,11.28,0.39,0.72,26.87,11.98,0.01,0.06,0.12,0.27,0.07,0.65,0,0,30,52,0,18,36,0,16,42,0,7,KA,MIXED
S32_036,20,193,20,2.012273971,two,alfs,aqu,Endo,Aeric,Alluvium,PD,28,18563,62.85,19.8,17.35,50.87,14.21,34.91,0.46,0.4,6.2,7.27,1.41,0.17,17.35,5.98,6.82,18.15,16.58,24.14,0.42,0.73,0.15,6.67,0.16,17.99,19,0,23,47,0,11,41,0,12,37,0,11,KA,MIXED
S63_010,18,185,18,2.843243242,one,ults,ud,Pale,Aquic,Decomposition Residuum,SPD,64,11293.53,87.7,6,6.3,77.04,5.05,17.91,0.42,0.39,5.4,5.13,1,0.09,6.3,8.95,2.22,2.69,8.97,11.64,0.25,0.24,0.22,2,0.14,2.55,0,0,26,54,0,20,32,0,16,32,0,20,KA,MIXED
S27_018,61,142,61,15.14408787,one,ods,aqu,Al,Ultic,Decomposition Residuum,PD,20,540.35,96.06,2.63,1.31,77.99,1.41,20.6,0.44,0.38,5.03,4.89,0.31,0.24,1.31,10.02,0.3,1.95,1.3,11.78,0.29,0.16,0.01,0.28,0.11,1.65,0,0,0,4,0,96,33,0,24,28,0,15,QZ,MIXED
S33_024,135,68,135,4.415389015,one,ods,aqu,Al,Aeric,Alluvium,PD,28,8437.03,95.48,3.53,0.99,93.87,1.75,4.38,0.41,0.41,4.67,4.67,1.05,1.43,0.99,12.2,0.55,0.2,10.56,12.4,0.05,0.02,0.03,0.52,0.03,0.17,23,0,17,11,0,49,45,0,0,46,0,9,QZ,MIXED
S43_005,91,61,91,17.964104,one,alfs,aqu,Gloss,Arenic,Marine Deposits,PD,13,1182.42,98.48,0.63,0.89,82.4,1.57,16.03,0.39,0.34,6.79,5.62,0.13,0.11,0.89,4.7,0.11,6.61,0.69,11.32,0.28,0.59,0.01,0.09,0.09,6.53,0,0,0,0,0,100,35,0,22,30,0,14,QZ,MIXED
S50_032,107,45,107,17.89891561,one,alfs,aqu,Endo,Grossarenic,Paludal Deposits,PD,10,29129.91,98.4,0.94,0.66,87.45,0.72,11.83,0.42,0.38,6.29,5.49,0.16,0.26,0.66,3.15,0.24,4.34,0.55,7.49,0.53,0.61,0,0.24,0.2,4.14,6,0,6,2,0,86,49,0,0,48,0,3,QZ,MIXED
S64_007,112,91,112,2.314124003,one,ods,aqu,Al,Aeric,Paludal Deposits,PD,23,1530.14,93.68,2.05,4.27,89.69,0.42,9.88,0.41,0.38,5.3,4.87,0.51,0.08,4.27,2.64,0.16,0.88,4.46,2.08,0.04,0.31,0.07,0.01,0.13,0.75,0,0,28,20,6,46,28,7,22,30,0,13,QZ,MIXED
S54_019,68,135,68,6.548907883,one,ults,ud,Pale,Aquic,Marine Deposits,SPD,68,5909.7,89.15,7.92,2.93,74.53,6.32,19.16,0.42,0.36,4.87,4.96,0.69,0.13,2.93,7.83,0.58,0.9,4.94,8.73,0.1,0.1,0.08,0.5,0.11,0.79,25,0,28,24,0,23,41,0,11,40,0,7,MIXED,MIXED
S37_018,36,15,36,4.682170541,one,ods,aqu,Al,Ultic,Alluvium,SPD,25,8964.25,92.06,6.87,1.08,80.8,6.26,12.94,0.48,0.43,4.89,4.9,0.35,0.75,1.08,13.07,0.18,0.21,3.07,13.28,0.07,0.02,0.04,0.13,0.04,0.17,37,0,11,13,0,39,12,0,40,9,0,39,MIXED,MIXED
S60_002,25,178,25,20.8422175,one,alfs,aqu,Alb,Typic,Decomposition Residuum,PD,0,19774.91,92.44,5.68,1.88,46.64,14.26,39.1,0.44,0.42,5.65,6.75,1.4,0.15,1.88,6.39,3.16,37.37,7.8,43.75,0.38,0.85,0.12,3.04,2.28,35.12,51,0,0,23,0,25,45,0,0,40,0,15,SM,MIXED
S51_030,43,15,43,13.42196533,one,alfs,ud,Hapl,Aquic,Marine Deposits,SPD,43,584.28,96.41,2.38,1.21,78.6,5.2,16.2,0.43,0.44,5.08,7,0.72,0.65,1.21,2.81,0.64,2.88,2.46,5.69,0.31,0.51,0.02,0.63,0.08,2.8,13,0,54,14,0,20,0,0,30,16,0,54,HV,QZ
S01_062,41,20,41,6.912790697,one,ods,aqu,Al,Ultic,Marine Deposits,PD,23,8382.76,94.2,5.18,0.63,81.6,3.28,15.12,0.45,0.48,5,4.75,0.57,1.88,0.63,15.75,0.66,0.33,3.23,16.08,0.2,0.02,0.04,0.62,0.07,0.26,0,0,7,5,0,88,0,0,21,21,0,58,QZ,QZ
S01_065,66,163,66,3.430103999,one,ults,ud,Pale,Arenic,Decomposition Residuum,WD,211,1771.31,88.05,5.72,6.23,72.27,6.35,21.38,0.43,0.4,5.6,5.48,0.36,0.09,6.23,17.22,2.37,7.34,7.76,24.56,0.3,0.3,0.16,2.21,0.15,7.19,0,0,22,10,0,68,0,0,0,0,0,95,QZ,QZ
S01_069,46,7,46,5.007594943,one,ods,aqu,Al,Ultic,Decomposition Residuum,PD,25,6722.03,94.85,4.29,0.86,68.97,4.37,26.66,0.45,0.56,5.63,4.7,0.39,1.86,0.86,22.3,0.15,0.14,2.09,22.44,0.07,0.01,0.03,0.12,0.08,0.06,0,0,0,13,0,87,0,0,36,14,0,50,QZ,QZ
S01_070,43,13,43,8.073469387,one,ods,aqu,Al,Ultic,Decomposition Residuum,PD,25,6624.14,95.34,4.09,0.57,72.79,4.02,23.19,0.42,0.49,4.86,4.6,0.65,2.31,0.57,20.93,0.53,0.16,3.49,21.09,0.13,0.01,0.06,0.47,0.02,0.14,0,0,20,7,0,73,0,0,20,27,0,53,QZ,QZ
S01_072,74,28,74,5.61750154,one,ods,aqu,Al,Ultic,Marine Deposits,PD,28,3582.77,96.95,2.42,0.62,83.62,7.49,8.9,0.4,0.38,6.26,4.74,0.36,1.34,0.63,15.44,0.69,0.4,1.45,15.83,0.46,0.02,0.02,0.66,0.02,0.37,0,0,13,9,0,78,0,0,0,0,0,95,QZ,QZ
S01_078,142,66,142,16.00715657,one,ods,orth,Al,Aquic,Marine Deposits,SPD,51,8962.22,95.14,3.82,1.04,79.97,3.32,16.71,0.41,0.35,5.57,5.15,0.22,0.06,1.04,3.91,2.97,0.23,6.88,4.14,0.08,0.06,0.25,2.74,0.03,0.2,0,0,12,7,0,81,0,0,10,20,19,51,QZ,QZ
S01_080,36,10,36,6.033519559,one,ods,aqu,Al,Ultic,Marine Deposits,PD,20,8014.43,93.72,5.28,0.99,78.42,3.81,17.78,0.41,0.44,4.57,4.4,0.85,2.45,0.99,21.81,0.35,0.23,7.23,22.04,0.05,0.01,0.06,0.3,0.06,0.17,0,0,5,7,0,88,0,0,9,5,0,86,QZ,QZ
S01_081,122,117,122,4.811653349,one,ods,aqu,Al,Ultic,Marine Deposits,VPD,0,8831.09,88.47,8.42,2.91,81.12,4.85,14.02,0.46,0.38,4.21,4.71,2.01,0.4,2.91,7.36,0.14,0.13,13.78,7.49,0.01,0.02,0.05,0.08,0.05,0.09,0,0,5,2,0,94,0,0,25,23,0,53,QZ,QZ
S08_006,145,58,145,12.79927449,one,ods,aqu,Al,Grossarenic,Paludal Deposits,PD,28,1990.82,99.21,0.22,0.57,90,2.7,7.3,0.42,0.46,5.33,4.1,0.12,6.23,0.57,26.06,0.1,0.73,0.77,26.79,0.21,0.03,0.06,0.05,0.05,0.68,0,0,0,0,0,100,0,0,20,0,0,80,QZ,QZ
S10_006,71,25,71,17.64857142,one,ods,orth,Al,Aquic,Marine Deposits,SPD,42,1793.2,96.98,2.78,0.24,90.75,5.08,4.18,0.44,0.51,4.31,4,0.35,2.03,0.24,19.62,0.19,0.19,4.61,19.81,0.03,0.01,0.02,0.17,0.08,0.11,0,0,0,0,0,100,18,0,24,11,0,47,QZ,QZ
S10_010,46,12,46,5.19774011,one,ods,aqu,Al,Ultic,Marine Deposits,PD,20,8856.55,92.87,6.37,0.77,76.95,7.08,15.97,0.47,0.43,3.86,3.6,1.45,1.66,0.77,14.11,0.64,0.15,7.29,14.26,0.09,0.01,0.12,0.52,0.06,0.09,0,0,0,0,0,100,0,0,35,16,0,49,QZ,QZ
S10_012,51,15,51,4.047619054,one,ods,aqu,Al,Aeric,Marine Deposits,PD,25,565.69,95.43,3.59,0.99,93.1,2.9,4,0.46,0.45,4.85,4.4,0.63,0.54,0.99,3.06,0.09,0.17,4.26,3.23,0.04,0.05,0.02,0.07,0.03,0.14,20,0,9,14,0,57,20,0,9,14,0,57,QZ,QZ
S12_017,48,20,48,2.11111111,one,ods,aqu,Al,Aeric,Marine Deposits,PD,20,3.36,95.21,2.99,1.8,93.5,2.8,3.7,0.48,0.42,4.82,5,1.47,1.27,1.8,12.4,0.27,0.47,7.79,12.87,0.07,0.04,0.04,0.23,0.03,0.45,15,0,10,15,0,60,14,0,17,10,0,59,QZ,QZ
S14_011,74,7,74,3.74043716,one,ods,aqu,Al,Alfic,Marine Deposits,PD,18,30024.03,97.21,1.8,0.99,82.64,3.02,14.33,0.45,0.4,4.96,4.5,1.67,1.19,0.99,6.8,1.42,1.28,4.83,8.08,0.3,0.16,0.08,1.34,0.05,1.23,0,0,0,0,0,100,10,0,16,10,0,64,QZ,QZ
S16_023,53,150,53,5.152561269,one,ods,aqu,Al,Typic,Marine Deposits,PD,0,2344.85,94.99,3.98,1.03,91.26,3.45,5.29,0.45,0.43,4.55,4.79,1,1.16,1.03,11.61,0.18,0.11,8.66,11.72,0.07,0.01,0.02,0.16,0.03,0.08,0,0,0,0,0,95,9,0,22,23,0,47,QZ,QZ
S18_009,33,13,33,5.944852941,one,ods,aqu,Al,Aeric,Paludal Deposits,PD,20,104.92,96.2,2.98,0.82,91,4.1,4.9,0.42,0.6,3.9,3.3,0.81,3.44,0.82,35.59,0.31,0.16,2.18,36.15,0.23,0,0.06,0.25,0.12,0.04,0,0,0,10,0,90,0,0,24,12,0,64,QZ,QZ
S18_011,104,36,104,20.66666667,one,ods,orth,Al,Aquic,Paludal Deposits,SPD,58,1622.45,97.91,1.94,0.15,93.4,3.5,3.1,0.46,0.55,4.55,3.7,0.23,1.6,0.15,16.34,0.1,0.14,1.08,16.48,0.11,0.01,0.03,0.08,0.09,0.05,0,0,0,0,0,100,15,0,15,9,0,61,QZ,QZ
S21_005,51,23,51,22.83658171,one,ods,orth,Al,Aquic,Marine Deposits,SPD,51,10174.61,97.89,1.97,0.17,91.8,4.31,3.9,0.41,0.44,4.46,4.1,0.22,1.81,0.17,9.98,0.15,0.22,0.89,10.2,0.17,0.02,0.03,0.12,0.06,0.15,0,0,13,12,0,75,0,0,32,14,0,54,QZ,QZ
S21_014,51,13,51,41,one,ods,aqu,Al,Ultic,Solution Residuum,PD,23,1109.13,96.22,3.68,0.1,78.73,4.29,16.98,0.39,0.42,3.95,3.6,0.5,1.2,0.1,25.18,0.4,0.23,14.42,25.41,0.02,0.01,0.07,0.33,0.09,0.14,0,0,0,0,0,100,0,0,15,26,0,59,QZ,QZ
S23_015,30,8,30,5.619047619,one,ods,aqu,Al,Ultic,Marine Deposits,PD,23,16122.79,90.75,8.2,1.05,81.26,6.86,11.89,0.43,0.45,4.95,5,0.7,1.69,1.05,12.24,0.37,0.17,5.49,12.41,0.06,0.01,0.02,0.36,0.01,0.16,12,0,6,16,0,66,21,0,23,14,0,42,QZ,QZ
S25_010,56,18,56,12.16161616,one,ods,aqu,Al,Ultic,Alluvium,PD,26,19930.71,96.39,3.25,0.35,81.76,5.29,12.95,0.45,0.42,5,4.7,0.78,1.56,0.35,10.23,0.8,0.71,2.89,10.94,0.23,0.07,0.03,0.78,0.01,0.7,0,0,0,0,0,100,20,0,0,0,0,80,QZ,QZ
S25_014,53,23,53,7.375357777,one,ods,aqu,Al,Aeric,Marine Deposits,PD,25,23229.65,97.96,1.43,0.6,89.78,5.8,4.42,0.49,0.48,4.9,4.65,1.65,2.11,0.6,15.48,0.54,0.33,4.12,15.81,0.14,0.02,0.04,0.49,0.07,0.25,0,0,0,0,0,100,0,0,9,6,0,85,QZ,QZ
S25_015,117,30,117,16.49339207,one,ods,orth,Al,Aquic,Marine Deposits,MWD,78,14572.27,97.69,1.92,0.39,91.58,3.31,5.11,0.44,0.4,5.6,4.5,0.43,3.05,0.39,23.05,0.25,0.51,0.73,23.56,0.53,0.02,0.03,0.22,0.04,0.47,0,0,0,14,0,86,7,0,0,0,0,93,QZ,QZ
S28_022,142,15,142,6.826923083,one,ods,orth,Al,Aquic,Marine Deposits,SPD,76,277.23,98.69,0.73,0.59,92.2,3.8,4,0.39,0.39,5.41,4.9,0.05,0.93,0.59,7.92,0.07,0.08,0.48,8,0.13,0.01,0.01,0.05,0.03,0.05,33,0,10,16,0,41,12,0,7,4,0,77,QZ,QZ
S31_003,84,35,84,4.358803987,one,ods,aqu,Al,Arenic,Marine Deposits,PD,33,1886.51,97.69,1.22,1.08,90.95,4.07,4.98,0.47,0.49,5.85,4.23,0.53,2.73,1.07,21.6,0.53,0.5,3.07,22.1,0.16,0.02,0.06,0.46,0.13,0.37,14,0,17,9,0,60,36,0,0,11,0,53,QZ,QZ
S34_004,48,38,48,1.862262038,one,ods,aqu,Al,Typic,Solution Residuum,PD,0,9196.2,89.84,7.88,2.35,90.9,4.5,4.6,0.61,0.42,4.19,4.7,4.48,1.27,2.35,13.27,1.18,0.15,30.37,13.41,0.04,0.01,0.3,0.88,0.06,0.09,21,0,0,10,0,69,22,0,27,17,0,34,QZ,MIXED
S36_012,112,5,112,6.770780847,one,ods,aqu,Al,Arenic,Solution Residuum,PD,36,63141.95,98.69,0.6,0.71,93.7,1.5,4.8,0.44,0.38,5.42,5.3,0.38,1.89,0.71,16.19,0.23,2.2,5.97,18.39,0.04,0.12,0.03,0.2,0.07,2.13,0,0,9,2,0,90,0,0,14,5,20,61,QZ,QZ
S36_020,91,49,91,15.70833333,one,ods,aqu,Al,Arenic,Solution Residuum,PD,23,41879.05,98.35,1.33,0.32,91,4.02,4.97,0.4,0.38,5.43,4.25,0.42,3.06,0.32,26.19,0.19,0.28,1.74,26.48,0.1,0.01,0.03,0.16,0.12,0.16,0,0,41,0,0,59,0,0,9,23,0,68,QZ,QZ
S37_010,150,53,150,4.616926951,one,alfs,aqu,Pale,Grossarenic,Decomposition Residuum,PD,18,10206.35,91.08,5.74,3.18,80.79,4.53,14.68,0.37,0.3,5.6,5.33,0.23,0.04,3.18,4.29,0.21,2.33,2.63,6.62,0.07,0.35,0.03,0.18,0.08,2.25,6,0,23,21,0,51,0,0,0,5,0,95,QZ,QZ
S45_027,46,33,46,4.803030303,one,ods,aqu,Al,Aeric,Marine Deposits,PD,18,1005.09,95.67,3.53,0.8,90.31,5.65,4.04,0.49,0.48,3.32,3.65,0.47,1.31,0.8,12.98,0.27,0.14,2.41,13.12,0.32,0.01,0.08,0.19,0.05,0.09,0,0,0,0,0,100,0,0,32,10,0,58,QZ,QZ
S49_029,36,10,36,7.142857143,one,ods,aqu,Al,Aeric,Marine Deposits,PD,18,14001.84,95.16,4.14,0.7,88.62,7.04,4.34,0.45,0.48,5.04,4.8,0.95,2.64,0.7,24.4,0.75,0.41,4.73,24.81,0.15,0.02,0.05,0.7,0.08,0.33,0,0,13,4,0,83,0,0,6,5,0,89,QZ,QZ
S49_030,109,94,109,13.96264691,one,ods,aqu,Al,Alfic,Marine Deposits,SPD,28,23702.53,97.1,1.87,1.02,82.46,3.23,14.31,0.45,0.39,5.22,5.33,0.38,0.69,1.03,10.92,0.12,2.77,2.06,13.68,0.1,0.22,0.03,0.08,0.34,2.43,0,0,2,10,0,88,27,0,1,23,0,49,QZ,QZ
S51_008,43,10,43,2.314142681,one,ods,aqu,Al,Ultic,Marine Deposits,PD,28,15238.72,96.28,1.87,1.86,83.9,3.41,12.7,0.49,0.44,5.67,4.7,0.84,2.17,1.86,13.26,2.13,0.52,4.08,13.78,0.44,0.04,0.02,2.11,0.02,0.5,0,0,0,11,0,89,0,0,10,7,0,83,QZ,QZ
S53_002,53,13,53,6.394431554,one,ods,aqu,Al,Ultic,Marine Deposits,PD,30,3735.13,94,5.18,0.81,78.19,6.68,15.13,0.47,0.48,5.02,4.4,0.76,2.61,0.81,24.32,1.03,0.86,4.22,25.18,0.21,0.03,0.05,0.99,0.21,0.65,0,0,0,0,0,100,0,0,16,15,13,53,QZ,QZ
S53_024,48,8,48,3.926657263,one,ods,orth,Al,Aquic,Marine Deposits,SPD,76,7033.71,96.4,2.12,1.48,87.42,5.68,6.89,0.44,0.46,3.63,4.5,1.51,1.98,1.48,29.02,1.02,1.01,10.78,30.03,0.08,0.03,0.24,0.78,0.38,0.63,0,0,0,0,0,100,17,0,16,10,0,57,QZ,QZ
S54_005,51,7,51,3.68231047,one,ods,aqu,Al,Alfic,Marine Deposits,PD,25,6828.31,89.65,9.26,1.09,78.34,8.07,13.59,0.48,0.49,4.55,4.5,1.3,3.49,1.09,21.64,0.77,0.55,5.91,22.19,0.12,0.03,0.07,0.7,0.07,0.48,0,0,0,0,0,100,13,0,33,9,0,45,QZ,QZ
S55_032,36,17,36,2.025128498,one,ods,aqu,Al,Aeric,Marine Deposits,PD,25,9739.6,91.2,3.65,5.15,84.3,5.27,10.43,0.54,0.53,5.05,4.98,1.79,3.51,5.15,31.21,1.31,0.35,13.32,31.56,0.1,0.01,0.1,1.22,0.09,0.27,0,0,0,0,0,100,0,0,5,4,0,91,QZ,QZ
S55_033,43,38,43,2.383891213,one,ods,aqu,Al,Alfic,Marine Deposits,PD,25,2470.34,94.71,1.96,3.33,88.4,2.04,9.56,0.46,0.49,4.71,5.36,0.74,1.53,3.34,17.39,1.48,2.09,5.62,19.48,0.38,0.13,0.09,1.39,0.09,2,0,0,0,0,0,100,8,0,0,4,0,88,QZ,QZ
S66_024,46,33,46,6.22576166,one,ods,aqu,Al,Aeric,Marine Deposits,PD,23,2920.68,93.53,5.66,0.81,89.27,5.71,5.02,0.44,0.43,4.66,4.67,0.79,1.38,0.81,15.85,0.34,0.17,4.22,16.02,0.07,0.01,0.07,0.27,0.05,0.12,21,0,4,5,0,70,34,0,7,5,0,54,QZ,QZ
S16_006,99,36,99,5.757969027,one,ods,orth,Al,Arenic,Marine Deposits,MWD,100,458.66,96.36,2.53,1.11,90.95,2.66,6.39,0.51,0.5,4.59,4.46,0.9,1.26,1.11,18.74,0.49,0.72,4.13,19.46,0.21,0.04,0.04,0.46,0.16,0.55,0,0,47,10,0,43,24,0,15,11,0,51,MIXED,QZ
S51_023,33,8,33,3.422872342,one,ods,aqu,Al,Aeric,Marine Deposits,PD,25,10550.38,94.6,4.26,1.14,93.1,3,3.9,0.49,0.52,4.47,4.7,1.54,1.76,1.14,13.81,0.65,0.15,10.36,13.96,0.05,0.01,0.12,0.52,0.1,0.05,36,0,12,14,0,38,0,0,25,10,11,54,MIXED,QZ
S16_015,58,23,58,4.323525555,one,ods,aqu,Al,Ultic,Marine Deposits,PD,15,7026.1,94.19,4.67,1.14,83.25,2.51,14.23,0.48,0.55,5.79,4.62,0.52,1.95,1.14,18.97,0.43,0.94,3.07,19.91,0.09,0.05,0.04,0.39,0.04,0.89,31,0,0,3,0,66,0,0,39,25,0,36,QZ,MIXED
S55_022,175,28,175,3.493013973,one,ods,orth,Al,Aquic,Marine Deposits,SPD,48,5763.9,96.7,2.16,1.15,93.8,2.2,4,0.45,0.42,6.15,6.3,0.16,1.4,1.14,11.52,0.46,0.5,1.57,12.02,0.34,0.04,0.05,0.42,0.06,0.44,0,0,43,9,20,28,0,0,30,25,15,30,HV,MIXED
S01_066,124,94,124,7.293137634,one,ults,ud,Pale,Grossarenic,Decomposition Residuum,WD,183,1738.64,92.28,4.52,3.19,71.53,5.19,23.29,0.41,0.39,5.76,5.28,0.19,0.07,3.19,14.85,0.74,3.67,3.47,18.52,0.19,0.22,0.05,0.69,0.14,3.53,0,0,35,16,0,49,0,0,35,34,0,32,QZ,MIXED
S53_016,64,27,64,8.748821549,one,ods,aqu,Al,Aeric,Marine Deposits,PD,25,5455.26,98,1.48,0.52,92.9,2.59,4.51,0.43,0.45,4.72,4.46,0.45,1.37,0.52,16.52,0.48,0.29,2.5,16.81,0.13,0.02,0.03,0.45,0.04,0.25,29,0,0,12,0,59,14,0,31,26,0,29,QZ,MIXED
S64_027,68,135,68,12.19506808,one,alfs,aqu,Endo,Umbric,Marine Deposits,VPD,0,1672.33,83.49,14.8,1.72,74.3,4.77,20.93,0.44,0.33,5.42,5.13,0.83,0.07,1.72,4.57,0.17,1.9,3.83,6.47,0.18,0.3,0.06,0.11,0.19,1.71,0,0,9,4,0,87,0,0,17,43,0,40,QZ,MIXED
S14_005,109,56,109,16.655278,one,ods,aqu,Al,Arenic,Marine Deposits,PD,25,27937.93,98.52,1,0.48,88.16,3.91,7.93,0.47,0.47,4.9,4.25,0.29,1.73,0.48,26.21,0.26,0.17,2.11,26.38,0.09,0.01,0.03,0.23,0.03,0.14,0,0,0,29,0,71,34,0,12,24,0,31,QZ,MIXED
S01_077,18,193,18,19.63615429,one,alfs,ud,Pale,Aquic,Decomposition Residuum,SPD,53,5984.56,93.7,5.4,0.9,71.92,10.41,17.67,0.43,0.4,6.2,5.55,0.71,0.11,0.9,12.41,3.2,7.54,5.81,19.95,0.55,0.39,0.04,3.16,0.14,7.41,0,0,49,9,0,42,93,0,0,2,0,5,MIXED,SM
S12_001,69,134,69,8.83105318,one,ults,ud,Pale,Arenic,Marine Deposits,WD,91,9575.16,93.49,3.37,3.15,67.57,4.64,27.79,0.41,0.39,5.35,4.96,0.48,0.2,3.15,13.66,0.46,6.36,3.33,20.03,0.15,0.32,0.06,0.4,0.21,6.16,0,0,41,32,0,27,61,0,11,17,0,11,HV,SM
S55_035,71,132,71,4.75345886,one,olls,aqu,Argi,Arenic,Marine Deposits,PD,0,6921.19,90.32,5.88,3.79,77.16,4.81,18.04,0.42,0.42,5.8,4.88,0.65,0.1,3.8,9.6,4.71,7.98,8.96,17.58,0.46,0.46,0.62,4.09,0.54,7.45,22,0,40,12,0,26,58,0,18,22,0,2,HV,SM
S57_032,58,125,58,1.787253975,two,ults,ud,Pale,Aquic,Alluvium,SPD,58,21614.46,41.78,35.88,22.44,34.29,25.61,40.1,0.45,0.43,4.26,4.49,1.32,0.18,22.46,16.21,0.43,0.73,14.48,16.94,0.03,0.04,0.08,0.35,0.16,0.58,7,0,44,31,0,18,40,0,25,29,0,6,HV,SM
S64_023,107,96,107,7.859460571,one,alfs,aqu,Endo,Grossarenic,Paludal Deposits,PD,0,6358.15,95.91,2.39,1.71,84.33,2.26,13.41,0.4,0.37,6.02,6.08,0.29,0.18,1.71,3.04,0.33,5.66,1.1,8.7,0.3,0.65,0.01,0.32,0.14,5.52,21,0,37,12,0,30,45,0,26,25,0,4,MIXED,SM
S65_003,66,61,66,12.25407167,one,alfs,aqu,Alb,Arenic,Decomposition Residuum,PD,0,14734.48,95.53,3.08,1.4,78.5,4.4,17.1,0.44,0.43,4.87,6.6,0.77,0.04,1.4,3.41,0.45,11.93,4.83,15.34,0.17,0.78,0.09,0.35,0.27,11.66,0,0,48,16,0,36,58,0,31,4,0,7,HV,SM
S31_004,30,16,30,3.305555556,one,alfs,aqu,Endo,Lithic,Marine Deposits,PD,25,534.7,93.73,2.67,3.6,82.4,5.7,11.9,0.43,0.45,4.83,6.7,0.77,0.71,3.6,2.08,2.6,25.67,6.73,27.75,0.37,0.93,0.3,2.3,1.42,24.25,34,0,29,16,0,21,49,0,28,11,0,12,MIXED,SM
S37_031,15,188,15,2.65878005,two,alfs,aqu,Alb,Typic,Alluvium,PD,0,6521.38,57.5,27.1,15.4,35,24.06,40.95,0.46,0.42,5.1,4.91,2.07,0.22,15.4,15.95,3.41,16.15,15.59,32.1,0.22,0.49,0.16,3.25,0.43,15.73,36,0,16,42,0,6,74,0,0,21,0,6,MIXED,SM
S38_029,20,183,20,3.746197906,one,alfs,ud,Pale,Ultic,Decomposition Residuum,WD,250,8089.56,86.1,5.6,8.3,60.87,8.04,31.09,0.44,0.44,5.8,4.99,0.86,0.14,8.3,17.59,5.11,9.6,12.16,27.19,0.42,0.35,0.5,4.61,0.2,9.41,0,0,30,54,0,16,45,0,19,20,0,17,KA,SM
S55_008,68,135,70,4.109619792,one,alfs,aqu,Endo,Grossarenic,Marine Deposits,PD,2,2509.75,95.06,2.72,2.21,86.95,3.95,9.1,0.41,0.39,5.84,5.46,0.37,0.1,2.22,3.77,0.29,2.86,3.7,6.63,0.08,0.4,0,0.28,0.13,2.73,0,48,0,16,0,36,80,9,0,11,0,0,MI,SM
S01_098,33,170,33,6.151711831,one,ults,aqu,Pale,Arenic,Solution Residuum,PD,33,12248.36,91.09,4.86,4.05,68.26,6.85,24.89,0.37,0.39,5.18,4.6,0.38,0.14,4.04,17.97,1.23,2.5,4.28,20.47,0.28,0.14,0.31,0.92,0.27,2.23,4,0,16,11,0,69,56,0,9,15,0,21,QZ,SM
S08_001,74,129,74,14.12375371,one,alfs,aqu,Endo,Arenic,Solution Residuum,PD,28,33790.48,96.83,2.34,0.83,84.41,3.86,11.74,0.4,0.34,6.99,7.59,0.28,0.06,0.83,0.99,4.76,8.89,5.09,9.88,0.68,0.87,0.16,4.6,0.23,8.65,22,0,10,6,0,63,62,0,13,8,0,17,QZ,SM
S08_008,41,94,41,8.795818622,one,alfs,aqu,Endo,Typic,Solution Residuum,VPD,8,37808.34,97.39,1.35,1.26,86.44,2.45,11.11,0.36,0.36,6.38,5.24,0.1,0.11,1.26,2.84,0.59,3.76,0.98,6.6,0.55,0.58,0.03,0.56,0.08,3.67,18,0,17,22,0,43,41,0,19,33,0,8,QZ,MIXED
S16_021,66,137,66,8.398405766,one,alfs,aqu,Endo,Arenic,Marine Deposits,VPD,0,4224.9,85.74,12.09,2.17,74.99,6.76,18.25,0.5,0.35,4.69,4.52,1.67,0.16,2.17,7.25,0.45,4.02,10.07,11.27,0.04,0.32,0.05,0.4,0.54,3.49,0,0,28,12,0,60,49,2,12,19,0,18,QZ,SM
S22_002,107,35,107,61.25362322,one,alfs,aqu,Endo,Grossarenic,Paludal Deposits,PD,0,26070.42,98.64,1.1,0.26,81.9,2.3,15.8,0.39,0.33,5.07,4.3,0.2,0.36,0.26,6.73,0.43,11.58,1.44,18.31,0.33,0.63,0.06,0.37,0.42,11.16,20,0,20,13,0,48,47,0,20,24,0,9,QZ,SM
S28_010,53,150,53,9.659773995,one,alfs,aqu,Endo,Arenic,Marine Deposits,PD,18,12442.6,97.71,1.63,0.67,87.12,4.43,8.45,0.44,0.38,4.49,7.15,0.51,0.07,0.67,0.99,0.53,12.9,3.24,13.89,0.26,0.92,0.08,0.45,0.19,12.71,40,0,0,0,0,60,84,0,0,7,0,8,QZ,SM
S31_007,76,107,76,16.89159553,one,ods,orth,Al,Aquic,Marine Deposits,SPD,60,4913.98,97.84,1.43,0.73,81.29,3.34,15.37,0.42,0.41,4.64,4.69,0.15,0.49,0.73,10.27,0.12,1.12,1.37,11.39,0.08,0.1,0.02,0.11,0.15,0.97,35,0,0,12,0,53,35,0,12,25,0,29,QZ,MIXED
S33_037,43,33,45,12.75883837,one,alfs,aqu,Alb,Mollic,Decomposition Residuum,PD,0,14282.15,94.7,3.45,1.84,70.6,5.9,23.5,0.45,0.5,6.25,7.7,1.12,0.12,1.84,5.2,2.68,24.96,6.75,30.16,0.52,0.83,0.06,2.62,0.35,24.61,0,0,25,10,0,65,84,0,10,1,0,5,QZ,SM
S33_038,81,36,83,16.00378503,one,alfs,aqu,Alb,Arenic,Decomposition Residuum,PD,15,14272.5,94.84,3.53,1.63,68,5.9,26.1,0.45,0.46,6.56,7.8,0.67,0.12,1.63,6.31,1.75,27.72,4.34,34.03,0.57,0.82,0.05,1.71,0.37,27.35,31,0,11,9,0,49,95,0,0,1,0,4,QZ,SM
S34_005,33,170,33,21.78431373,one,alfs,aqu,Alb,Typic,Solution Residuum,PD,0,13315.89,94.12,4.82,1.06,63.37,13.46,23.17,0.43,0.41,4.86,7.29,0.49,0.1,1.06,5.57,0.58,29.62,3.9,35.22,0.14,0.84,0.02,0.56,0.12,29.51,31,0,14,15,0,40,79,0,11,7,0,4,QZ,SM
S38_018,53,150,53,26.62619045,one,ods,aqu,Hapl,Ultic,Solution Residuum,PD,28,5105.33,96.01,3.41,0.58,82.28,2.24,15.47,0.42,0.4,4.57,4.73,0.36,0.31,0.58,12.7,0.14,1.31,2.6,14.01,0.05,0.1,0.02,0.12,0.07,1.24,0,0,0,0,0,100,49,0,27,7,0,17,QZ,SM
S43_001,81,122,81,11.40307376,one,ods,aqu,Al,Alfic,Marine Deposits,PD,30,1925.58,98.51,0.6,0.89,86.93,1.53,11.54,0.38,0.34,5.91,5.24,0.28,0.78,0.89,9.01,0.12,2.84,1.71,11.85,0.07,0.27,0.02,0.1,0.16,2.67,0,0,0,14,0,86,41,0,3,21,0,35,QZ,MIXED
S43_016,64,17,64,13.17912553,one,olls,aqu,Endo,Arenic,Eolian,PD,20,3280.09,97.65,1.24,1.11,81.9,3.5,14.6,0.42,0.41,7.99,8.6,0.28,0.08,1.11,3.37,1.85,19.76,2.47,23.13,0.68,0.85,0.06,1.79,0.71,19.05,40,0,0,10,0,50,65,0,0,4,0,31,QZ,SM
S43_018,91,51,91,14.75032678,one,alfs,aqu,Gloss,Arenic,Eolian,PD,10,6616.25,98.21,1.15,0.64,88.93,1.59,9.48,0.43,0.39,6.96,6.91,0.19,0.16,0.64,3.08,0.45,8.16,1.22,11.24,0.41,0.75,0.03,0.42,0.09,8.06,32,0,0,15,0,53,76,0,0,11,0,14,QZ,SM
S43_020,30,173,30,9.554190771,one,alfs,aqu,Endo,Typic,Marine Deposits,PD,0,1564.08,94.9,3.5,1.6,78.32,6.39,15.29,0.51,0.38,6.49,8.68,1.55,0.34,1.6,2.6,4.51,27.4,7.17,30,0.64,0.91,0.13,4.39,1.05,26.34,41,0,0,10,0,49,57,0,0,15,0,27,MIXED,SM
S43_024,86,112,91,13.8056507,one,ods,aqu,Al,Alfic,Marine Deposits,PD,0,261.74,95.92,2.89,1.19,79.4,4.2,16.41,0.39,0.32,4.83,6.56,1.22,0.9,1.19,4.29,1.07,10.69,3.56,14.98,0.3,0.68,0.13,0.95,0.07,10.62,20,0,0,18,0,62,52,0,16,22,0,10,QZ,SM
S45_024,84,119,84,22.62384361,one,alfs,aqu,Endo,Arenic,Marine Deposits,PD,0,13850.1,90.98,7.81,1.2,64.82,7.95,27.23,0.44,0.42,4.64,4.63,0.45,0.09,1.2,12.81,0.21,10.74,3.25,23.55,0.1,0.45,0.05,0.16,0.4,10.34,24,0,19,24,0,33,69,0,6,19,0,7,QZ,SM
S45_025,112,91,112,21.16420117,one,alfs,aqu,Endo,Grossarenic,Marine Deposits,PD,0,13816.65,90.79,7.72,1.49,59.73,8.83,31.44,0.46,0.43,4.76,4.5,0.65,0.1,1.49,13.5,0.17,10.04,4.18,23.55,0.07,0.42,0.04,0.14,0.41,9.63,28,0,18,20,0,34,70,0,0,20,0,10,MIXED,SM
S49_034,64,30,64,4.875846501,one,ults,aqu,Umbr,Arenic,Marine Deposits,VPD,0,17355.97,93.62,3.61,2.77,81.8,4.7,13.5,0.53,0.41,5.98,7.5,1.26,0.31,2.77,3.5,2.08,8.31,7.49,11.81,0.42,0.7,0.16,1.92,0.15,8.16,0,0,23,23,0,54,80,0,13,4,0,3,QZ,SM
S53_012,89,114,89,15.75190028,one,ods,aqu,Al,Alfic,Marine Deposits,PD,25,3665.64,94.14,4.77,1.09,76.74,6.02,17.24,0.38,0.34,6.58,5.28,0.47,0.16,1.09,5.64,2.15,9.74,4.99,15.39,0.48,0.64,0.27,1.88,4.3,5.45,22,0,8,11,0,60,83,0,0,13,0,4,QZ,SM
S54_021,84,76,84,11.81690141,one,alfs,aqu,Endo,Arenic,Marine Deposits,PD,13,8425.16,93.61,4.62,1.78,74.92,4.11,20.98,0.44,0.47,4.73,3.98,0.52,0.45,1.78,8.88,1.04,2.84,2.9,11.72,0.28,0.27,0.07,0.97,0.2,2.63,31,0,16,16,0,37,44,0,20,24,0,12,MIXED,SM
S55_037,107,96,107,3.626065937,one,alfs,aqu,Endo,Grossarenic,Marine Deposits,VPD,0,3393.16,95.42,2.74,1.84,91.59,1.72,6.69,0.45,0.42,5.6,6.24,0.58,0.13,1.84,1.44,1.3,3.13,3.99,4.58,0.26,0.68,0.14,1.16,0.24,2.9,32,0,26,0,0,42,49,0,22,19,0,10,QZ,SM
S56_029,107,76,107,14.27988879,one,alfs,aqu,Endo,Grossarenic,Marine Deposits,PD,15,5491.77,96.57,2.43,1.01,81.9,3.7,14.4,0.42,0.34,6.94,7.7,0.27,0.2,1.01,3.02,1.25,7.02,1.77,10.04,0.68,0.7,0.04,1.21,1.22,5.8,0,0,12,0,0,88,76,0,0,18,0,6,QZ,SM
S18_004,66,137,66,13.91079229,one,alfs,aqu,Gloss,Arenic,Marine Deposits,PD,8,10426.82,97.22,1.91,0.88,86.34,1.48,12.18,0.4,0.41,5.12,5.65,0.19,0.41,0.88,2.53,0.34,6.81,1.22,9.35,0.3,0.73,0.03,0.31,0.21,6.61,0,0,39,26,0,36,61,0,17,16,0,6,MIXED,SM
S51_017,23,203,23,7.682454166,one,alfs,ud,Hapl,Albaquic,Decomposition Residuum,SPD,38,6100.97,89.28,5.65,5.07,50.72,10.37,38.91,0.43,0.43,5.9,5.33,1.88,0.23,5.06,15.42,5.43,10.29,12.86,25.71,0.42,0.4,0.19,5.25,0.51,9.79,0,0,33,30,0,37,55,0,0,31,0,14,MIXED,SM
S65_004,64,63,64,12.54271357,one,alfs,ud,Hapl,Aquic,Decomposition Residuum,SPD,64,14676.27,94.77,3.98,1.24,79.9,4.5,15.6,0.45,0.42,4.59,6,0.32,0.17,1.24,4.58,0.16,9.88,3.01,14.46,0.06,0.68,0.06,0.11,0.26,9.62,25,0,34,12,0,29,52,0,38,4,0,6,MIXED,SM
S66_017,51,152,59,1.752115182,one,ults,aqu,Pale,Umbric,Decomposition Residuum,VPD,0,18660.94,49.13,35.83,15.03,45.07,28.59,26.34,0.53,0.41,4.23,4.42,4.13,0.4,15.03,9.46,0.51,0.17,31.52,9.62,0.02,0.03,0.18,0.32,0.11,0.06,18,0,36,21,0,25,42,0,23,27,0,8,MIXED,SM
S56_033,30,125,30,3.629400521,one,alfs,aqu,Gloss,Typic,Marine Deposits,PD,0,5258.92,90.27,5.89,3.84,81.78,4.29,13.92,0.49,0.39,6.93,7.15,2.27,0.12,3.84,3.37,11.04,9.68,14.4,13.05,0.75,0.75,0.28,10.76,0.75,8.93,0,17,0,44,0,39,93,0,0,7,0,0,MIXED,SM
S60_015,71,132,71,17.94305916,one,alfs,aqu,Endo,Arenic,Decomposition Residuum,PD,15,11523.9,94.37,4.11,1.52,64.82,7.86,27.32,0.43,0.37,6.89,6.67,0.36,0.07,1.52,6.36,3.07,13.47,3.81,19.83,0.71,0.68,0.01,3.06,0.15,13.34,38,0,14,13,0,35,70,0,9,11,0,10,MIXED,SM
S01_097,38,168,38,8.463776973,one,alfs,aqu,Alb,Typic,Solution Residuum,PD,46,12260.92,88.07,7.92,4,58.93,7.19,33.88,0.37,0.34,5.96,5.11,0.51,0.23,4,10.36,2.3,13.6,3.54,23.96,0.69,0.57,0.05,2.25,0.57,13.02,53,0,21,6,0,20,54,0,21,11,0,14,SM,SM
S04_003,30,127,30,3.40320468,one,alfs,aqu,Endo,Typic,Marine Deposits,PD,8,16096.47,75.36,17.59,7.05,61.99,14.01,24,0.49,0.42,5.26,7.59,1.68,0.14,7.05,4.35,5.47,28.53,13.53,32.88,0.44,0.85,0.77,4.7,0.76,27.75,68,0,14,10,0,8,81,0,0,10,0,10,SM,SM
S09_018,13,7,13,1.600849256,one,ents,psamm,Quartzi,Lithic,Paludal Deposits,SPD,30,5806.15,90.01,6.37,3.62,86,8.2,5.8,0.52,0.5,5.87,8.2,1.6,1.17,3.62,0.58,7.34,27.39,11.4,27.97,0.72,0.98,1.77,5.57,4.6,22.79,41,0,34,13,0,12,57,0,27,9,0,7,MIXED,SM
S10_016,33,170,33,4.460571895,one,alfs,aqu,Alb,Typic,Marine Deposits,PD,0,12268.26,76.28,17.17,6.55,56.24,14.83,29.2,0.45,0.41,5.39,5.8,1.06,0.14,6.55,4.7,3.99,16.36,6,21.07,0.69,0.77,0.23,3.76,0.81,15.55,71,0,0,25,0,4,84,0,0,9,5,2,SM,SM
S10_017,28,175,28,5.793767086,one,alfs,aqu,Alb,Typic,Paludal Deposits,PD,15,12202.69,68.2,25.27,6.53,41.38,20.78,37.85,0.4,0.43,4.83,5.49,1.33,0.29,6.53,8.27,1.82,20.56,6.51,28.83,0.35,0.69,0.12,1.7,1.25,19.31,39,0,23,30,0,8,85,0,0,13,0,2,MIXED,SM
S12_018,84,15,84,20.24096386,one,alfs,ud,Hapl,Arenic,Decomposition Residuum,WD,250,2187.49,94.34,4.87,0.79,78.2,5.8,16,0.42,0.41,5.68,6.7,0.11,0.23,0.79,1.8,0.6,11.44,1.16,13.24,0.55,0.86,0.02,0.57,0.09,11.35,37,0,21,14,0,28,45,0,12,27,0,16,SM,SM
S14_017,66,137,66,28.90004905,one,ods,aqu,Al,Alfic,Marine Deposits,PD,27,25379.61,96.21,3.07,0.72,73.51,5.64,20.84,0.46,0.4,4.73,5.31,0.91,0.29,0.72,11.27,0.85,12.49,4.58,23.76,0.19,0.48,0.07,0.78,0.17,12.32,57,0,0,8,0,35,71,0,6,6,0,17,SM,SM
S16_012,30,87,30,1.32428756,two,alfs,aqu,Endo,Umbric,Marine Deposits,VPD,0,166.24,68.1,15,16.9,69.02,8.6,22.38,0.46,0.46,5.2,6.72,1.87,0.36,16.9,6.83,10.29,15.52,26.49,22.35,0.39,0.69,0.29,10,0.31,15.21,76,0,13,2,0,9,86,0,7,2,0,5,SM,SM
S16_016,15,188,15,3.083267016,one,alfs,aqu,Endo,Typic,Marine Deposits,PD,0,3131.11,73.47,17.09,9.45,60.12,10.76,29.13,0.41,0.41,7.33,8.11,4.91,0.19,9.45,4.89,15.66,25.36,17.91,30.24,0.87,0.83,0.43,15.23,0.23,25.13,61,0,21,6,0,12,88,0,2,6,0,3,SM,SM
S18_022,13,190,13,2.500736084,one,alfs,aqu,Endo,Typic,Marine Deposits,PD,8,6426.23,67.18,20,12.82,50.65,17.3,32.05,0.49,0.39,4.86,6.1,5.43,0.15,12.82,7.13,15.58,20.41,30.13,27.54,0.56,0.74,1.99,13.6,2.76,17.66,60,0,13,19,0,8,70,0,8,17,0,6,SM,SM
S19_021,61,66,61,4.751930794,one,alfs,aqu,Alb,Arenic,Alluvium,PD,61,9986.1,84.03,12.51,3.45,70.05,13.53,16.41,0.38,0.38,4.93,6.85,0.64,0.22,3.45,5.13,2.2,15.41,4.93,20.54,0.43,0.75,0.06,2.13,0.15,15.26,43,0,24,15,0,18,85,0,0,11,0,4,SM,SM
S21_015,28,175,28,11.0979827,one,alfs,aqu,Alb,Typic,Decomposition Residuum,PD,10,4068.02,91.71,5.36,2.97,52.94,14.06,33.01,0.39,0.41,5.16,5.92,0.28,0.14,2.97,7.94,2.08,30.83,8.09,38.77,0.5,0.75,0.06,2.02,0.24,30.61,40,0,14,22,0,24,68,0,8,20,0,5,SM,SM
S22_004,68,34,68,4.089001905,one,ults,aqu,Endo,Arenic,Solution Residuum,PD,13,23972.75,95.47,2.21,2.31,88.18,2.36,9.46,0.44,0.39,5.83,4.34,0.74,0.25,2.31,6.18,3.04,8.15,6.7,14.34,0.51,0.56,0.33,2.71,0.22,7.93,72,0,14,5,0,9,85,0,8,2,0,5,SM,SM
S24_009,23,180,23,2.267424245,one,alfs,aqu,Umbr,Typic,Solution Residuum,PD,23,13372.66,76.5,12.5,11,69.48,5.58,24.94,0.47,0.38,4.7,4.94,1.82,1.06,11,11.85,1.65,10.28,11.64,22.14,0.14,0.46,0.15,1.5,0.53,9.74,62,0,17,8,0,13,81,0,10,5,0,5,SM,SM
S25_016,33,170,33,4.212022751,one,alfs,aqu,Endo,Typic,Marine Deposits,PD,0,5191.14,92.72,4.05,3.38,80.81,4.93,14.26,0.48,0.38,5.66,8.04,1.4,0.27,3.38,4.11,2.92,18.05,6.29,22.16,0.44,0.81,0.1,2.82,0.21,17.84,95,0,0,3,0,2,95,0,0,2,0,3,SM,SM
S26_007,38,66,38,11.25344352,one,alfs,aqu,Endo,Arenic,Alluvium,PD,8,30771.63,97.32,1.99,0.69,88.63,2.76,8.61,0.47,0.42,6.55,6.64,0.34,0.16,0.7,3.06,2.02,8.11,2.63,11.17,0.67,0.73,0.03,1.99,0.07,8.04,79,0,12,4,0,5,93,0,0,2,0,5,SM,SM
S26_012,33,140,33,1.358007456,two,olls,aqu,Argi,Typic,Marine Deposits,VPD,0,58576.84,72.82,10.74,16.37,68.77,8.99,22.23,0.51,0.4,7.76,8.27,1.91,0.08,16.37,6.39,25.69,34.21,33.41,40.61,0.77,0.84,0.28,25.4,0.36,33.85,97,0,0,1,0,2,97,0,0,1,0,2,SM,SM
S26_013,66,18,66,11.90035587,one,ods,aqu,Al,Alfic,Alluvium,PD,28,33552.7,97.82,0.9,1.28,82.2,2.6,15.2,0.46,0.39,6.88,6.6,0.65,0.51,1.28,3.32,3.28,10.37,4.37,13.69,0.61,0.76,0.02,3.26,0.05,10.32,47,0,21,11,0,22,65,0,18,14,0,3,SM,SM
S28_012,36,167,36,11.71387794,one,alfs,aqu,Endo,Typic,Marine Deposits,PD,10,9690.92,97.08,1.84,1.07,80.27,7.17,12.56,0.5,0.4,5.2,7.99,0.7,0.11,1.07,3.36,2.04,31.6,3.82,34.96,0.52,0.9,0.23,1.81,1.58,29.99,88,0,0,2,0,10,94,0,0,3,0,4,SM,SM
S28_016,43,150,53,6.41402159,one,alfs,aqu,Endo,Arenic,Marine Deposits,VPD,0,9333.69,93.77,3.93,2.3,81.48,3.78,14.74,0.52,0.35,3.71,3.7,1.89,0.21,2.3,4.81,1.48,10.22,10.36,15.03,0.2,0.68,0.19,1.29,0.34,9.88,78,0,0,7,0,15,94,0,0,3,0,3,SM,SM
S28_020,46,45,46,1.173190985,two,olls,aqu,Argi,Typic,Paludal Deposits,VPD,0,8078.55,72.91,8.77,18.33,72.7,5.8,21.5,0.5,0.49,5.2,6.5,2.37,0.07,18.33,7.09,15.23,20.74,27.25,27.83,0.59,0.75,0.19,15.04,0.13,20.61,98,0,0,0,0,2,97,0,0,1,0,2,SM,SM
S31_002,51,10,51,4.889961394,one,alfs,aqu,Endo,Arenic,Marine Deposits,PD,27,972.31,93.83,2.95,3.05,82,3.1,14.9,0.49,0.44,7.87,8,1.21,0.68,3.05,2.73,5.96,13.76,7.93,16.49,0.74,0.83,0.24,5.72,1.23,12.53,38,0,25,11,0,27,50,0,25,14,0,11,SM,SM
S31_005,41,96,41,1.398697917,one,olls,aqu,Argi,Typic,Marine Deposits,VPD,0,4859.47,83.23,7.3,9.46,79.83,6.93,13.24,0.47,0.4,5.7,6.14,1.92,0.56,9.46,4.69,11.12,15.94,19.82,20.63,0.56,0.76,0.24,10.88,0.44,15.48,89,0,0,6,0,6,86,0,0,6,0,8,SM,SM
S36_001,48,18,48,4.230642504,one,ents,aqu,Psamm,Lithic,Paludal Deposits,PD,5,55950.01,94.79,2.68,2.53,89.2,0.1,10.7,0.39,0.39,8.22,8,0.15,0.13,2.53,1.34,17.72,27.69,17.78,29.03,1,0.95,11.05,6.67,16.59,11.1,69,0,0,13,0,18,71,0,0,14,0,15,SM,SM
S38_003,89,73,89,9.299019322,one,alfs,ud,Hapl,Arenic,Decomposition Residuum,WD,152,12204.36,94.39,4.01,1.6,81.05,4.09,14.86,0.38,0.36,5.46,5.44,0.29,0.09,1.6,3.78,1.67,7.64,3.5,11.42,0.39,0.67,0.08,1.59,0.13,7.51,38,0,20,19,0,23,56,0,21,17,0,7,SM,SM
S38_004,43,160,43,5.3022679,one,alfs,ud,Hapl,Typic,Decomposition Residuum,WD,250,12241.97,93.21,4.87,1.92,85.7,4.14,10.16,0.39,0.4,5.04,4.54,0.28,0.07,1.92,4.88,0.71,4.15,3,9.01,0.23,0.5,0.07,0.64,0.09,4.06,47,0,24,16,0,13,83,0,0,12,0,6,SM,SM
S40_008,30,173,30,5.301833724,one,alfs,aqu,Endo,Umbric,Solution Residuum,PD,0,4472.13,87.57,6.86,5.57,63.68,6.78,29.53,0.37,0.39,4.7,4.54,1.15,0.13,5.57,20.65,3.42,14.28,11.39,34.93,0.3,0.4,0.15,3.27,0.5,13.77,79,0,0,7,0,14,95,0,0,0,0,5,SM,SM
S43_006,10,152,12,2.76917293,one,alfs,aqu,Endo,Umbric,Marine Deposits,VPD,12,1586.82,62.9,30.1,7,70.66,9.96,19.38,0.71,0.47,5.1,6.81,7.08,1.77,7,10.1,17.53,23.47,52.05,33.57,0.34,0.71,0.51,17.02,0.2,23.26,94,0,0,2,0,4,67,0,0,19,0,14,SM,SM
S43_017,33,99,33,4.569963361,one,alfs,aqu,Endo,Arenic,Eolian,PD,13,3195.21,96.89,1.73,1.38,90.12,2.43,7.45,0.49,0.4,6.34,8.52,0.76,0.18,1.38,0.93,4.01,17.6,6.41,18.53,0.46,0.95,0.06,3.94,0.46,17.14,61,0,0,10,0,29,70,0,0,7,0,24,SM,SM
S43_027,81,112,81,2.574915054,one,alfs,aqu,Endo,Arenic,Marine Deposits,PD,15,1777.31,92.31,2.96,4.72,83.17,4.67,12.16,0.41,0.34,8.02,7.89,0.4,0.23,4.72,1.4,11.45,15.87,11.7,17.27,0.97,0.91,0.14,11.32,0.27,15.59,82,0,0,7,0,11,91,0,0,5,0,4,SM,SM
S43_028,74,58,74,5.488690155,one,alfs,aqu,Endo,Arenic,Marine Deposits,PD,0,1635.9,94.26,3.17,2.57,82.2,3.7,14.1,0.46,0.35,4.36,3.7,1.17,0.18,2.57,3.75,1.15,5.65,3.34,9.4,0.46,0.6,0.2,0.95,0.48,5.17,82,0,0,9,0,9,88,0,0,4,0,8,SM,SM
S50_031,76,76,76,6.800167225,one,alfs,aqu,Endo,Arenic,Marine Deposits,VPD,0,33007.64,97.08,1.35,1.57,88.95,0.35,10.7,0.4,0.4,5.58,5.44,0.62,0.43,1.57,3.38,0.72,4.42,2.56,7.81,0.29,0.58,0.06,0.66,0.16,4.27,40,0,27,9,0,24,86,0,0,14,0,0,SM,SM
S54_006,140,63,140,8.206827738,one,alfs,aqu,Endo,Grossarenic,Marine Deposits,PD,15,6371.4,91.19,6.58,2.23,74.3,7.42,18.28,0.44,0.41,5.54,5.74,0.45,0.19,2.23,5.54,1.33,10.71,3.03,16.25,0.39,0.66,0.04,1.29,0.26,10.45,38,0,27,20,0,15,84,0,0,12,0,4,SM,SM
S55_003,33,53,33,1.082508579,one,olls,aqu,Argi,Typic,Marine Deposits,VPD,0,419.2,73.62,10.27,16.11,76.56,6,17.44,0.69,0.38,5.69,6.89,5.96,0.26,16.11,4.88,24.11,13.71,41.45,18.59,0.63,0.74,5.68,18.43,1.41,12.3,88,0,0,0,0,12,96,0,0,2,0,2,SM,SM
S56_004,58,33,58,1.344477281,two,ents,aqu,Hydr,Typic,Marine Deposits,VPD,0,125.86,75.66,5.67,18.67,67.2,7.7,25.1,0.62,0.46,7.39,7.9,2.68,2.69,18.67,2.4,31.57,32.7,37.28,35.1,0.85,0.93,11.44,20.12,5.4,27.3,58,0,32,5,0,7,82,0,14,2,0,2,SM,SM
S56_005,25,5,25,3.577235772,one,alfs,aqu,Endo,Lithic,Marine Deposits,PD,20,5512.94,94.64,2.9,2.46,88.6,2.6,8.8,0.42,0.32,6.08,7,0.66,0.42,2.46,3.4,2.4,2.5,5.2,5.9,0.47,0.42,0.48,1.92,0.6,1.9,68,0,18,7,0,7,85,0,10,5,0,0,SM,SM
S56_018,36,167,36,15.72097042,one,alfs,aqu,Gloss,Arenic,Marine Deposits,PD,13,7472.92,97.19,1.96,0.81,83.57,3.72,12.71,0.46,0.38,5.28,7.59,0.28,0.14,0.81,1.88,0.26,18.68,2.58,20.55,0.09,0.89,0.04,0.22,1.18,17.5,74,0,10,13,0,0,51,0,26,15,0,6,SM,SM
S64_020,38,94,38,1.793391846,one,olls,aqu,Argi,Typic,Marine Deposits,VPD,0,1129.9,77.66,12.59,9.75,72.31,10.21,17.48,0.61,0.41,6.58,7.53,4.67,0.62,9.75,2.35,26.56,31.23,38.17,33.58,0.74,0.93,2.92,23.64,3.62,27.6,90,0,4,2,0,4,80,0,0,13,0,7,SM,SM
S65_006,25,69,25,6.70199726,one,alfs,aqu,Alb,Typic,Decomposition Residuum,PD,13,14294.94,90.03,5.95,4.02,61.85,11.21,26.94,0.45,0.45,5.99,7.64,0.96,0.29,4.02,5.14,7.29,46.91,9.48,52.05,0.82,0.9,0.13,7.15,0.32,46.59,62,0,28,5,0,5,69,0,23,2,0,6,SM,SM
